Comando,NomeCat,IDProduto,CodProd,NomeProd,Peso,Descricao,DescrLonga,DescrURL,URLTarget,Estoque,EstoqueMinimo,Disponivel,ICMS,Custo,Preco,PrecoProm,PrecoB2B,PrecoB2BProm,DataPromInicio,DataPromFim,Lancamento,EmDestaque,ImagemProd,ImagemDet,ImagemAmp,Adicional1,Adicional2,Adicional3,AdicionalD1,AdicionalD2,AdicionalD3,Cores,OrdemProd,IDProdutoPai,RamoProd,MaisProd,DataVencimento,DiasAvisoVencimento,DiasReposicao,IDParceiroProd,DescrHTM,MetaKeywordsProd,MaxParcelasProd,XMLParcelasProd,CodBarrasProd,Embalavel,IsProdutoGrande,LarguraProd,AlturaProd,ProfundidadeProd,CodVideo,ProdMPN,TitleProd,URLProd,VendaConjunta,MetaDescriptionProd,IDsFiltroItem
"A","Pulseiras Diversos",5058789,"0103000002","Pacote de Munhequeira",48,"","Colorido
Material: Tecido
Contém 12 unidades.
Medidas do Produto(cm)
Largura 6.5
Altura 6
Profundidade 1.1
Peso: 48g

Pacote de Munhequeira, bijuterias, atacado de bijuterias, atacado de bijouterias, biju, biju, finas, bijuterias","",False,21,0,True,4807,0,9.3,0,0,0,,,False,False,"Munhequeira03000002.jpg","Munhequeira03000002.jpg","Munhequeira03000002M.jpg","","","","","","","",70,,642,"2270003025634,2290003027023,2270003027115",,,0,,"","Pacote de Munhequeira, bijuterias, atacado de bijuterias, atacado de bijouterias, biju, biju, finas, bijuterias",0,0,,True,False,0,0,0,"","","","","","",""
"A","Pulseiras Diversos",5058790,"0103000001","Pacote de Munhequeira",48,"","Colorido
Material: Tecido
Contém 12 unidades.
Medidas do Produto(cm)
Largura 6.5
Altura 6
Profundidade 1.1
Peso: 48g

Pacote de Munhequeira, bijuterias, atacado de bijuterias, atacado de bijouterias, biju, biju, finas, bijuterias","",False,14,0,True,4807,0,9.3,0,0,0,,,False,False,"Munhequeira03000001.jpg","Munhequeira03000001.jpg","Munhequeira03000001M.jpg","","","","","","","",70,,642,"",,,0,,"","Pacote de Munhequeira, bijuterias, atacado de bijuterias, atacado de bijouterias, biju, biju, finas, bijuterias",0,0,,True,False,0,0,0,"","","","","","",""
"A","Pulseiras Diversos",5393691,"0103000004","Pacote de Munhequeira",48,"","Colorido
Material: Tecido
Contém 12 unidades.
Medidas do Produto(cm)
Largura 6.5
Altura 6
Profundidade 1.1
Peso: 48g

Pacote de Munhequeira, bijuterias, atacado de bijuterias, atacado de bijouterias, biju, biju, finas, bijuterias","",False,1,0,True,4807,0,9.3,0,0,0,,,False,False,"Munhequeira03000004.jpg","Munhequeira03000004.jpg","Munhequeira03000004M.jpg","","","","","","","",70,,642,"",,,0,,"","Pacote de Munhequeira, bijuterias, atacado de bijuterias, atacado de bijouterias, biju, biju, finas, bijuterias",0,0,,True,False,0,0,0,"","","","","","",""
"A","Pulseiras Diversos",5406891,"0003021335","Pulseira",14,"","Cor: Preto
Material: Pedra Swarovski
Medidas do Produto(cm)
Largura 6.6
Altura 6.6
Profundidade 0.7
Peso: 14g

Pulseira, bijuterias, atacado de bijuterias, atacado de bijouterias, biju, biju, finas, bijuterias","",False,0,0,False,1417,0,2,0,0,0,,,False,False,"PulseiraSwar03021335.jpg","PulseiraSwar03021335.jpg","PulseiraSwar03021335M.jpg","","","","","","","",57,,642,"",,,0,,"","Pulseira, bijuterias, atacado de bijuterias, atacado de bijouterias, biju, biju, finas, bijuterias",0,0,,True,False,0,0,0,"","","","","","",""
"A","Pulseiras Diversos",5406893,"0003023700","Pulseira",14,"","Cor: Dourado
Material: Pedra Swarovski
Medidas do Produto(cm)
Largura 6.6
Altura 6.6
Profundidade 0.7
Peso: 14g

Pulseira, bijuterias, atacado de bijuterias, atacado de bijouterias, biju, biju, finas, bijuterias","",False,0,0,False,1408,0,2,0,0,0,,,False,False,"PulseiraSwar03023700.jpg","PulseiraSwar03023700.jpg","PulseiraSwar03023700M.jpg","","","","","","","",57,,642,"",,,0,,"","Pulseira, bijuterias, atacado de bijuterias, atacado de bijouterias, biju, biju, finas, bijuterias",0,0,,True,False,0,0,0,"","","","","","",""
"A","Pulseiras Diversos",5406894,"0003023698","Pulseira",14,"","Cor: Incolor
Material: Pedra Swarovski
Medidas do Produto(cm)
Largura 6.6
Altura 6.6
Profundidade 0.7
Peso: 14g

Pulseira, bijuterias, atacado de bijuterias, atacado de bijouterias, biju, biju, finas, bijuterias","",False,19,0,True,1410,0,2,0,0,0,,,False,False,"PulseiraSwar03023698.jpg","PulseiraSwar03023698.jpg","PulseiraSwar03023698M.jpg","","","","","","","",57,,642,"",,,0,,"","Pulseira, bijuterias, atacado de bijuterias, atacado de bijouterias, biju, biju, finas, bijuterias",0,0,,True,False,0,0,0,"","","","","","",""
"A","Pulseiras Diversos",5406895,"0003023703","Pulseira",14,"","Cor: Cinza
Material: Pedra Swarovski
Medidas do Produto(cm)
Largura 6.6
Altura 6.6
Profundidade 0.7
Peso: 14g

Pulseira, bijuterias, atacado de bijuterias, atacado de bijouterias, biju, biju, finas, bijuterias","",False,2,0,True,1409,0,2,0,0,0,,,False,False,"PulseiraSwar03023703.jpg","PulseiraSwar03023703.jpg","PulseiraSwar03023703M.jpg","","","","","","","",57,,642,"",,,0,,"","Pulseira, bijuterias, atacado de bijuterias, atacado de bijouterias, biju, biju, finas, bijuterias",0,0,,True,False,0,0,0,"","","","","","",""
"A","Pulseiras Diversos",5406897,"0003021336","Pulseira",14,"","Cor: Azul Escuro
Material: Pedra Swarovski
Medidas do Produto(cm)
Largura 6.6
Altura 6.6
Profundidade 0.7
Peso: 14g

Pulseira, bijuterias, atacado de bijuterias, atacado de bijouterias, biju, biju, finas, bijuterias","",False,0,0,False,1402,0,2,0,0,0,,,False,False,"PulseiraSwar03021336.jpg","PulseiraSwar03021336.jpg","PulseiraSwar03021336M.jpg","","","","","","","",57,,642,"",,,0,,"","Pulseira, bijuterias, atacado de bijuterias, atacado de bijouterias, biju, biju, finas, bijuterias",0,0,,True,False,0,0,0,"","","","","","",""
"A","Pulseiras Diversos",5411090,"0003029632","Pulseira",12,"","Cor: Preto
Material: Metal e Courino
Medidas do Produto(cm)
Largura 3.6
Altura 23.5
Profundidade 0.5
Peso: 12g

Pulseira, bijuterias, atacado de bijuterias, atacado de bijouterias, biju, biju, finas, bijuterias","",False,27,0,True,1217,0,4.9,0,0,0,,,False,False,"PulseiraCour03029632.jpg","PulseiraCour03029632.jpg","PulseiraCour03029632M.jpg","","","","","","","",63,,642,"",,,0,,"","Pulseira, bijuterias, atacado de bijuterias, atacado de bijouterias, biju, biju, finas, bijuterias",0,0,,True,False,0,0,0,"","","","","","",""
"A","Pulseiras Diversos",5411093,"0003029628","Pulseira",12,"","Cor: Vermelho
Material: Metal e Courino
Medidas do Produto(cm)
Largura 3.6
Altura 23.5
Profundidade 0.5
Peso: 12g

Pulseira, bijuterias, atacado de bijuterias, atacado de bijouterias, biju, biju, finas, bijuterias","",False,3,0,True,1223,0,4.9,0,0,0,,,False,False,"PulseiraCour03029628.jpg","PulseiraCour03029628.jpg","PulseiraCour03029628M.jpg","","","","","","","",63,,642,"",,,0,,"","Pulseira, bijuterias, atacado de bijuterias, atacado de bijouterias, biju, biju, finas, bijuterias",0,0,,True,False,0,0,0,"","","","","","",""
"A","Pulseiras Diversos",5411095,"0003029629","Pulseira",12,"","Cor: Azul
Material: Metal e Courino
Medidas do Produto(cm)
Largura 3.6
Altura 23.5
Profundidade 0.5
Peso: 12g

Pulseira, bijuterias, atacado de bijuterias, atacado de bijouterias, biju, biju, finas, bijuterias","",False,2,0,True,1202,0,4.9,0,0,0,,,False,False,"PulseiraCour03029629.jpg","PulseiraCour03029629.jpg","PulseiraCour03029629M.jpg","","","","","","","",63,,642,"",,,0,,"","Pulseira, bijuterias, atacado de bijuterias, atacado de bijouterias, biju, biju, finas, bijuterias",0,0,,True,False,0,0,0,"","","","","","",""
"A","Pulseiras Diversos",5411098,"0003029630","Pulseira",12,"","Cor: Marrom
Material: Metal e Courino
Medidas do Produto(cm)
Largura 3.6
Altura 23.5
Profundidade 0.5
Peso: 12g

Pulseira, bijuterias, atacado de bijuterias, atacado de bijouterias, biju, biju, finas, bijuterias","",False,7,0,True,1213,0,4.9,0,0,0,,,False,False,"PulseiraCour03029630.jpg","PulseiraCour03029630.jpg","PulseiraCour03029630M.jpg","","","","","","","",63,,642,"",,,0,,"","Pulseira, bijuterias, atacado de bijuterias, atacado de bijouterias, biju, biju, finas, bijuterias",0,0,,True,False,0,0,0,"","","","","","",""
"A","Pulseiras Diversos",5411099,"0003029631","Pulseira",12,"","Cor: Marrom Escuro
Material: Metal e Courino
Medidas do Produto(cm)
Largura 3.6
Altura 23.5
Profundidade 0.5
Peso: 12g

Pulseira, bijuterias, atacado de bijuterias, atacado de bijouterias, biju, biju, finas, bijuterias","",False,6,0,True,1213,0,4.9,0,0,0,,,False,False,"PulseiraCour03029631.jpg","PulseiraCour03029631.jpg","PulseiraCour03029631M.jpg","","","","","","","",63,,642,"",,,0,,"","Pulseira, bijuterias, atacado de bijuterias, atacado de bijouterias, biju, biju, finas, bijuterias",0,0,,True,False,0,0,0,"","","","","","",""
"A","Pulseiras Diversos",5411103,"0003029627","Pulseira",12,"","Cor: Branco
Material: Metal e Courino
Medidas do Produto(cm)
Largura 3.6
Altura 23.5
Profundidade 0.5
Peso: 12g

Pulseira, bijuterias, atacado de bijuterias, atacado de bijouterias, biju, biju, finas, bijuterias","",False,3,0,True,1205,0,4.9,0,0,0,,,False,False,"PulseiraCour03029627.jpg","PulseiraCour03029627.jpg","PulseiraCour03029627M.jpg","","","","","","","",63,,642,"",,,0,,"","Pulseira, bijuterias, atacado de bijuterias, atacado de bijouterias, biju, biju, finas, bijuterias",0,0,,True,False,0,0,0,"","","","","","",""
"A","Pulseiras Diversos",4787831,"2270003026780","Pulseira",24,"","Cor: Pérola e Vermelho
Material: Pérola, Metal e Strass.
Contém 4 pulseiras.
Medidas do Produto(cm)
Largura 7
Altura 7.9
Profundidade 1.2
Peso: 24g

Pulseira, bijuterias, atacado de bijuterias, atacado de bijouterias, biju, biju, finas, bijuterias","",False,1,5,True,2407,0,6.9,0,0,0,,,False,False,"PulseiraBFina03026780.jpg","PulseiraBFina03026780.jpg","PulseiraBFina03026780.jpg","","","","","","","",0,,654,"2270003025913,2270003025901,2270003025233",,,0,,"","Pulseira, bijuterias, atacado de bijuterias, atacado de bijouterias, biju, biju, finas, bijuterias",0,0,,True,False,0,0,0,"","","","","","",""
"A","Pulseiras Diversos",4881981,"0003027027","Pulseira",18,"","Cor: Verde e Dourado
Material: Missanga e Metal
Medidas do Produto(cm)
Largura 1
Altura 26.2
Profundidade 0.9
Peso: 18g

Pulseira, bijuterias, atacado de bijuterias, atacado de bijouterias, biju, biju, finas, bijuterias","",False,5,2,True,1807,0,6,0,0,0,,,False,False,"PulseiraMiss03027027.jpg","PulseiraMiss03027027.jpg","PulseiraMiss03027027M.jpg","","","","","","","",61,,654,"2290003025966,2290003024893,2290003025980",,,0,,"","Pulseira, bijuterias, atacado de bijuterias, atacado de bijouterias, biju, biju, finas, bijuterias",0,0,,True,False,0,0,0,"","","","","","",""
"A","Pulseiras Diversos",4960090,"2270003027234","Pulseira",16,"","Cor: Azul
Com Regulagem
Material: Tecido e Swarovski
Medidas do Produto(cm)
Largura 6.2
Altura 6.2
Profundidade 1.4
Peso: 16g

Pulseira, bijuterias, atacado de bijuterias, atacado de bijouterias, biju, biju, finas, bijuterias","",False,8,5,True,1602,0,6.9,0,0,0,,,False,False,"PulseiraBFin03027234.jpg","PulseiraBFin03027234.jpg","PulseiraBFin03027234M.jpg","","","","","","","",2,,700,"2270003025634,2290003027023,2270003027115",,,0,,"","Pulseira, bijuterias, atacado de bijuterias, atacado de bijouterias, biju, biju, finas, bijuterias",0,0,,True,False,0,0,0,"","","","","","",""
"A","Pulseiras Diversos",4960100,"2270003027233","Pulseira",16,"","Cor: Vermelho
Com Regulagem
Material: Tecido e Swarovski
Medidas do Produto(cm)
Largura 6.2
Altura 6.2
Profundidade 1.4
Peso: 16g

Pulseira, bijuterias, atacado de bijuterias, atacado de bijouterias, biju, biju, finas, bijuterias","",False,0,5,False,1623,0,6.9,0,0,0,,,False,False,"PulseiraBFin03027233.jpg","PulseiraBFin03027233.jpg","PulseiraBFin03027233M.jpg","","","","","","","",2,,700,"2270003025634,2290003027023,2270003027115",,,0,,"","Pulseira, bijuterias, atacado de bijuterias, atacado de bijouterias, biju, biju, finas, bijuterias",0,0,,True,False,0,0,0,"","","","","","",""
"A","Pulseiras Diversos",5062121,"0003027727","Pulseira",8,"","Cor: Branco
Material: Courino e Strass
Medidas do Produto(cm)
Largura 1.9
Altura 40
Profundidade 0.1
Peso: 8g

Pulseira, bijuterias, atacado de bijuterias, atacado de bijouterias, biju, biju, finas, bijuterias","",False,1,0,True,805,0,7.5,0,0,0,,,False,False,"PulseiraCour03027727.jpg","PulseiraCour03027727.jpg","PulseiraCour03027727M.jpg","","","","","","","",57,,642,"",,,0,,"","Pulseira, bijuterias, atacado de bijuterias, atacado de bijouterias, biju, biju, finas, bijuterias",0,0,,True,False,0,0,0,"","","","","","",""
"A","Pulseiras Diversos",5129560,"0003027968","Pulseira",10,"","Cor: Preto
Material: Courino 
Pulseira Regulável
Medidas do Produto(cm)
Largura 6
Altura 7.5
Profundidade 2
Peso: 10g

Pulseira, bijuterias, atacado de bijuterias, atacado de bijouterias, biju, biju, finas, bijuterias","",False,0,0,False,1017,0,9.9,0,0,0,,,False,False,"PulseiraCour03027968.jpg","PulseiraCour03027968.jpg","PulseiraCour03027968M.jpg","","","","","","","",60,,642,"",,,0,,"","Pulseira, bijuterias, atacado de bijuterias, atacado de bijouterias, biju, biju, finas, bijuterias",0,0,,True,False,0,0,0,"","","","","","",""
"A","Pulseiras Diversos",5151324,"0003028078","Pulseira",8,"","Cor: Vermelho e Incolor
Material: Courino e Strass
Medidas do Produto(cm)
Largura 1.2
Altura 39.6
Profundidade 0.1
Peso: 8g

Pulseira, bijuterias, atacado de bijuterias, atacado de bijouterias, biju, biju, finas, bijuterias","",False,1,0,True,807,0,7.5,0,0,0,,,False,False,"PulseiraCour03028078.jpg","PulseiraCour03028078.jpg","PulseiraCour03028078M.jpg","","","","","","","",58,,642,"",,,0,,"","Pulseira, bijuterias, atacado de bijuterias, atacado de bijouterias, biju, biju, finas, bijuterias",0,0,,True,False,0,0,0,"","","","","","",""
"A","Pulseiras Diversos",5151379,"0003028095","Pulseira",12,"","Cor: Azul Claro
Material: Courino e Strass
Medidas do Produto(cm)
Largura 1.6
Altura 39
Profundidade 0.1
Peso: 12g

Pulseira, bijuterias, atacado de bijuterias, atacado de bijouterias, biju, biju, finas, bijuterias","",False,1,0,True,1202,0,7.5,0,0,0,,,False,False,"PulseiraCour03028095.jpg","PulseiraCour03028095.jpg","PulseiraCour03028095M.jpg","","","","","","","",58,,642,"",,,0,,"","Pulseira, bijuterias, atacado de bijuterias, atacado de bijouterias, biju, biju, finas, bijuterias",0,0,,True,False,0,0,0,"","","","","","",""
"A","Pulseiras Diversos",5164968,"0003028175","Pulseira",76,"","Cor: Amarelo
Material: Plástico
Contém 2 pulseiras.
Medidas do Produto(cm)
Largura 8.3
Altura 8.3
Profundidade 2.4
Peso: 76g

Pulseira, bijuterias, atacado de bijuterias, atacado de bijouterias, biju, biju, finas, bijuterias","",False,2,0,True,7601,0,3.9,0,0,0,,,False,False,"PulseiraPlas03028175.jpg","PulseiraPlas03028175.jpg","PulseiraPlas03028175M.jpg","","","","","","","",59,,642,"",,,0,,"","Pulseira, bijuterias, atacado de bijuterias, atacado de bijouterias, biju, biju, finas, bijuterias",0,0,,True,False,0,0,0,"","","","","","",""
"A","Pulseiras Diversos",5164969,"0003028179","Pulseira",76,"","Cor: Verde
Material: Plástico
Contém 2 pulseiras.
Medidas do Produto(cm)
Largura 8.3
Altura 8.3
Profundidade 2.4
Peso: 76g

Pulseira, bijuterias, atacado de bijuterias, atacado de bijouterias, biju, biju, finas, bijuterias","",False,8,0,True,7622,0,3.9,0,0,0,,,False,False,"PulseiraPlast03028179.jpg","PulseiraPlast03028179.jpg","PulseiraPlast03028179M.jpg","","","","","","","",59,,642,"",,,0,,"","Pulseira, bijuterias, atacado de bijuterias, atacado de bijouterias, biju, biju, finas, bijuterias",0,0,,True,False,0,0,0,"","","","","","",""
"A","Pulseiras Diversos",5164976,"0003028180","Pulseira",76,"","Cor: Azul
Material: Plástico
Contém 2 pulseiras.
Medidas do Produto(cm)
Largura 8.3
Altura 8.3
Profundidade 2.4
Peso: 76g

Pulseira, bijuterias, atacado de bijuterias, atacado de bijouterias, biju, biju, finas, bijuterias","",False,2,0,True,7602,0,3.9,0,0,0,,,False,False,"PulseiraPlast03028180.jpg","PulseiraPlast03028180.jpg","PulseiraPlast03028180M.jpg","","","","","","","",59,,642,"",,,0,,"","Pulseira, bijuterias, atacado de bijuterias, atacado de bijouterias, biju, biju, finas, bijuterias",0,0,,True,False,0,0,0,"","","","","","",""
"A","Pulseiras Diversos",5164980,"0003028176","Pulseira",76,"","Cor: Laranja
Material: Plástico
Contém 2 pulseiras.
Medidas do Produto(cm)
Largura 8.3
Altura 8.3
Profundidade 2.4
Peso: 76g

Pulseira, bijuterias, atacado de bijuterias, atacado de bijouterias, biju, biju, finas, bijuterias","",False,3,0,True,7611,0,3.9,0,0,0,,,False,False,"PulseiraPlast03028176.jpg","PulseiraPlast03028176.jpg","PulseiraPlast03028176M.jpg","","","","","","","",59,,642,"",,,0,,"","Pulseira, bijuterias, atacado de bijuterias, atacado de bijouterias, biju, biju, finas, bijuterias",0,0,,True,False,0,0,0,"","","","","","",""
"A","Pulseiras Diversos",5177892,"0003028700","Pulseira",24,"","Cor: Azul
Contém 3 unidades.
Pingentes Sortidos
Material: Pedra e Metal
Medidas do Produto(cm)
Largura 6.5
Altura 8
Profundidade 1.7
Peso: 24g

Pulseira, bijuterias, atacado de bijuterias, atacado de bijouterias, biju, biju, finas, bijuterias","",False,18,0,True,2402,0,6.9,0,0,0,,,False,False,"PulseiraBFin03028700.jpg","PulseiraBFin03028700.jpg","PulseiraBFin03028700M.jpg","","","","","","","",56,,642,"",,,0,,"","Pulseira, bijuterias, atacado de bijuterias, atacado de bijouterias, biju, biju, finas, bijuterias",0,0,,True,False,0,0,0,"","","","","","",""
"A","Pulseiras Diversos",5180333,"0003028737","Pulseira",8,"","Cor: Azul
Material: Courino e Strass
Medidas do 39.5
Altura 1.7
Profundidade 0.3
Peso: 8g

Pulseira, bijuterias, atacado de bijuterias, atacado de bijouterias, biju, biju, finas, bijuterias","",False,0,0,False,802,0,6.5,0,0,0,,,False,False,"PulseiraCour03028737.jpg","PulseiraCour03028737.jpg","PulseiraCour03028737M.jpg","","","","","","","",58,,642,"",,,0,,"","Pulseira, bijuterias, atacado de bijuterias, atacado de bijouterias, biju, biju, finas, bijuterias",0,0,,True,False,0,0,0,"","","","","","",""
"A","Pulseiras Diversos",5200639,"0003028953","Pulseira",48,"","Cor: Rosa e Pérola
Contém 3 unidades
Material: Pedra, Pérola, Cristal e Metal
Medidas do Produto(cm)
Largura 6.8
Altura 6.8
Profundidade 2.7
Peso: 48g

Pulseira, bijuterias, atacado de bijuterias, atacado de bijouterias, biju, biju, finas, bijuterias","",False,14,0,True,4807,0,6.9,0,0,0,,,False,False,"PulseiraBFin03028953.jpg","PulseiraBFin03028953.jpg","PulseiraBFin03028953M.jpg","","","","","","","",1,,642,"",,,0,,"","Pulseira, bijuterias, atacado de bijuterias, atacado de bijouterias, biju, biju, finas, bijuterias",0,0,,True,False,0,0,0,"","","","","","",""
"A","Pulseiras Diversos",5236918,"0003029154","Pulseira",14,"","Cor: Marrom
Material: Courino e Metal
Ajustável
Medidas do Produto(cm)
Largura 7
Altura 7
Profundidade 1.7
Peso: 14g

Pulseira, bijuterias, atacado de bijuterias, atacado de bijouterias, biju, biju, finas, bijuterias","",False,0,0,False,1413,0,9.9,0,0,0,,,False,False,"PulseiraCour03029154.jpg","PulseiraCour03029154.jpg","PulseiraCour03029154M.jpg","","","","","","","",60,,642,"",,,0,,"","Pulseira, bijuterias, atacado de bijuterias, atacado de bijouterias, biju, biju, finas, bijuterias",0,0,,True,False,0,0,0,"","","","","","",""
"A","Pulseiras Diversos",5236920,"0003029172","Pulseira",14,"","Cor: Preto
Material: Courino e Metal
Ajustável
Medidas do Produto(cm)
Largura 6
Altura 6
Profundidade 2.5
Peso: 14g

Pulseira, bijuterias, atacado de bijuterias, atacado de bijouterias, biju, biju, finas, bijuterias","",False,9,0,True,1417,0,9.9,0,0,0,,,False,False,"PulseiraCour03029172.jpg","PulseiraCour03029172.jpg","PulseiraCour03029172M.jpg","","","","","","","",60,,642,"",,,0,,"","Pulseira, bijuterias, atacado de bijuterias, atacado de bijouterias, biju, biju, finas, bijuterias",0,0,,True,False,0,0,0,"","","","","","",""
"A","Pulseiras Diversos",5236923,"0003029158","Pulseira",8,"","Cor: Preto
Material: Courino e Metal
Ajustável
Medidas do Produto(cm)
Largura 7
Altura 7
Profundidade 1.5
Peso: 8g

Pulseira, bijuterias, atacado de bijuterias, atacado de bijouterias, biju, biju, finas, bijuterias","",False,1,0,True,817,0,9.9,0,0,0,,,False,False,"PulseiraCour03029158.jpg","PulseiraCour03029158.jpg","PulseiraCour03029158M.jpg","","","","","","","",60,,642,"",,,0,,"","Pulseira, bijuterias, atacado de bijuterias, atacado de bijouterias, biju, biju, finas, bijuterias",0,0,,True,False,0,0,0,"","","","","","",""
"A","Pulseiras Diversos",5236930,"0003029166","Pulseira",14,"","Colorido
Material: Courino e Metal
Pingentes Sortidos
Ajustável
Medidas do Produto(cm)
Largura 6
Altura 6
Profundidade 2.5
Peso: 14g

Pulseira, bijuterias, atacado de bijuterias, atacado de bijouterias, biju, biju, finas, bijuterias","",False,12,0,True,1407,0,9.9,0,0,0,,,False,False,"PulseiraCour03029166.jpg","PulseiraCour03029166.jpg","PulseiraCour03029166M.jpg","","","","","","","",60,,642,"",,,0,,"","Pulseira, bijuterias, atacado de bijuterias, atacado de bijouterias, biju, biju, finas, bijuterias",0,0,,True,False,0,0,0,"","","","","","",""
"A","Pulseiras Diversos",5236937,"0003029181","Pulseira",14,"","Cor: Preto
Material: Courino e Metal
Ajustável
Medidas do Produto(cm)
Largura 6
Altura 6
Profundidade 2.5
Peso: 14g

Pulseira, bijuterias, atacado de bijuterias, atacado de bijouterias, biju, biju, finas, bijuterias","",False,4,0,True,1417,0,9.9,0,0,0,,,False,False,"PulseiraCour03029181.jpg","PulseiraCour03029181.jpg","PulseiraCour03029181M.jpg","","","","","","","",60,,642,"",,,0,,"","Pulseira, bijuterias, atacado de bijuterias, atacado de bijouterias, biju, biju, finas, bijuterias",0,0,,True,False,0,0,0,"","","","","","",""
"A","Pulseiras Diversos",5236939,"0003029174","Pulseira",14,"","Cor: Preto
Material: Courino e Metal
Ajustável
Medidas do Produto(cm)
Largura 6
Altura 6
Profundidade 2.5
Peso: 14g

Pulseira, bijuterias, atacado de bijuterias, atacado de bijouterias, biju, biju, finas, bijuterias","",False,2,0,True,1417,0,9.9,0,0,0,,,False,False,"PulseiraCour03029174.jpg","PulseiraCour03029174.jpg","PulseiraCour03029174M.jpg","","","","","","","",60,,642,"",,,0,,"","Pulseira, bijuterias, atacado de bijuterias, atacado de bijouterias, biju, biju, finas, bijuterias",0,0,,True,False,0,0,0,"","","","","","",""
"A","Pulseiras Diversos",5236943,"0003029171","Pulseira",12,"","Cor: Preto
Material: Courino e Metal
Ajustável
Medidas do Produto(cm)
Largura 6
Altura 6
Profundidade 2
Peso: 12g

Pulseira, bijuterias, atacado de bijuterias, atacado de bijouterias, biju, biju, finas, bijuterias","",False,6,0,True,1217,0,9.9,0,0,0,,,False,False,"PulseiraCour03029171.jpg","PulseiraCour03029171.jpg","PulseiraCour03029171M.jpg","","","","","","","",60,,642,"",,,0,,"","Pulseira, bijuterias, atacado de bijuterias, atacado de bijouterias, biju, biju, finas, bijuterias",0,0,,True,False,0,0,0,"","","","","","",""
"A","Pulseiras Diversos",5236957,"0003029186","Pulseira",14,"","Cor: Marrom
Material: Courino e Metal
Ajustável
Medidas do Produto(cm)
Largura 6
Altura 6
Profundidade 2.5
Peso: 14g

Pulseira, bijuterias, atacado de bijuterias, atacado de bijouterias, biju, biju, finas, bijuterias","",False,5,0,True,1413,0,9.9,0,0,0,,,False,False,"PulseiraCour03029186.jpg","PulseiraCour03029186.jpg","PulseiraCour03029186M.jpg","","","","","","","",60,,642,"",,,0,,"","Pulseira, bijuterias, atacado de bijuterias, atacado de bijouterias, biju, biju, finas, bijuterias",0,0,,True,False,0,0,0,"","","","","","",""
"A","Pulseiras Diversos",5236959,"0003029180","Pulseira",14,"","Cor: Marrom
Material: Courino e Metal
Ajustável
Medidas do Produto(cm)
Largura 6
Altura 6
Profundidade 2.5
Peso: 14g

Pulseira, bijuterias, atacado de bijuterias, atacado de bijouterias, biju, biju, finas, bijuterias","",False,1,0,True,1413,0,9.9,0,0,0,,,False,False,"PulseiraCour03029180.jpg","PulseiraCour03029180.jpg","PulseiraCour03029180M.jpg","","","","","","","",60,,642,"",,,0,,"","Pulseira, bijuterias, atacado de bijuterias, atacado de bijouterias, biju, biju, finas, bijuterias",0,0,,True,False,0,0,0,"","","","","","",""
"A","Pulseiras Diversos",5236960,"0003029173","Pulseira",10,"","Cor: Preto
Material: Courino e Metal
Ajustável
Medidas do Produto(cm)
Largura 6
Altura 6
Profundidade 1.5
Peso: 10g

Pulseira, bijuterias, atacado de bijuterias, atacado de bijouterias, biju, biju, finas, bijuterias","",False,7,0,True,1017,0,9.9,0,0,0,,,False,False,"PulseiraCour03029173.jpg","PulseiraCour03029173.jpg","PulseiraCour03029173M.jpg","","","","","","","",60,,642,"",,,0,,"","Pulseira, bijuterias, atacado de bijuterias, atacado de bijouterias, biju, biju, finas, bijuterias",0,0,,True,False,0,0,0,"","","","","","",""
"A","Pulseiras Diversos",5236961,"0003029177","Pulseira",14,"","Cor: Preto
Material: Courino e Metal
Ajustável
Medidas do Produto(cm)
Largura 6
Altura 6
Profundidade 2.5
Peso: 14g

Pulseira, bijuterias, atacado de bijuterias, atacado de bijouterias, biju, biju, finas, bijuterias","",False,1,0,True,0,0,9.9,0,0,0,,,False,False,"PulseiraCour03029177.jpg","PulseiraCour03029177.jpg","PulseiraCour03029177M.jpg","","","","","","","",60,,642,"",,,0,,"","Pulseira, bijuterias, atacado de bijuterias, atacado de bijouterias, biju, biju, finas, bijuterias",0,0,,True,False,0,0,0,"","","","","","",""
"A","Pulseiras Diversos",5236962,"0003029165","Pulseira",8,"","Cor: Preto
Material: Courino e Metal
Ajustável
Medidas do Produto(cm)
Largura 6
Altura 6
Profundidade 1.4
Peso: 8g

Pulseira, bijuterias, atacado de bijuterias, atacado de bijouterias, biju, biju, finas, bijuterias","",False,13,0,True,817,0,9.9,0,0,0,,,False,False,"PulseiraCour03029165.jpg","PulseiraCour03029165.jpg","PulseiraCour03029165M.jpg","","","","","","","",60,,642,"",,,0,,"","Pulseira, bijuterias, atacado de bijuterias, atacado de bijouterias, biju, biju, finas, bijuterias",0,0,,True,False,0,0,0,"","","","","","",""
"A","Pulseiras Diversos",5236963,"0003029163","Pulseira",14,"","Cor: Preto
Material: Courino e Metal
Ajustável
Medidas do Produto(cm)
Largura 6
Altura 6
Profundidade 2.5
Peso: 14g

Pulseira, bijuterias, atacado de bijuterias, atacado de bijouterias, biju, biju, finas, bijuterias","",False,2,0,True,1417,0,9.9,0,0,0,,,False,False,"PulseiraCour03029163.jpg","PulseiraCour03029163.jpg","PulseiraCour03029163M.jpg","","","","","","","",60,,642,"",,,0,,"","Pulseira, bijuterias, atacado de bijuterias, atacado de bijouterias, biju, biju, finas, bijuterias",0,0,,True,False,0,0,0,"","","","","","",""
"A","Pulseiras Diversos",5236964,"0003029179","Pulseira",8,"","Cor: Preto
Material: Courino e Metal
Ajustável
Medidas do Produto(cm)
Largura 6
Altura 6
Profundidade 2
Peso: 8g

Pulseira, bijuterias, atacado de bijuterias, atacado de bijouterias, biju, biju, finas, bijuterias","",False,1,0,True,817,0,9.9,0,0,0,,,False,False,"PulseiraCour03029179.jpg","PulseiraCour03029179.jpg","PulseiraCour03029179M.jpg","","","","","","","",60,,642,"",,,0,,"","Pulseira, bijuterias, atacado de bijuterias, atacado de bijouterias, biju, biju, finas, bijuterias",0,0,,True,False,0,0,0,"","","","","","",""
"A","Pulseiras Diversos",5236966,"0003029169","Pulseira",14,"","Cor: Preto
Material: Courino e Metal
Ajustável
Medidas do Produto(cm)
Largura 6
Altura 6
Profundidade 2.5
Peso: 14g

Pulseira, bijuterias, atacado de bijuterias, atacado de bijouterias, biju, biju, finas, bijuterias","",False,8,0,True,1417,0,9.9,0,0,0,,,False,False,"PulseiraCour03029169.jpg","PulseiraCour03029169.jpg","PulseiraCour03029169M.jpg","","","","","","","",60,,642,"",,,0,,"","Pulseira, bijuterias, atacado de bijuterias, atacado de bijouterias, biju, biju, finas, bijuterias",0,0,,True,False,0,0,0,"","","","","","",""
"A","Pulseiras Diversos",5236967,"0003029160","Pulseira",8,"","Cor: Preto
Material: Courino e Metal
Ajustável
Medidas do Produto(cm)
Largura 6
Altura 6
Profundidade 1.3
Peso: 8g

Pulseira, bijuterias, atacado de bijuterias, atacado de bijouterias, biju, biju, finas, bijuterias","",False,1,0,True,817,0,9.9,0,0,0,,,False,False,"PulseiraCour03029160.jpg","PulseiraCour03029160.jpg","PulseiraCour03029160M.jpg","","","","","","","",60,,642,"",,,0,,"","Pulseira, bijuterias, atacado de bijuterias, atacado de bijouterias, biju, biju, finas, bijuterias",0,0,,True,False,0,0,0,"","","","","","",""
"A","Pulseiras Diversos",5236969,"0003029175","Pulseira",14,"","Cor: Preto
Material: Courino e Metal
Ajustável
Medidas do Produto(cm)
Largura 6
Altura 6
Profundidade 2.5
Peso: 14g

Pulseira, bijuterias, atacado de bijuterias, atacado de bijouterias, biju, biju, finas, bijuterias","",False,1,0,True,1417,0,9.9,0,0,0,,,False,False,"PulseiraCour03029175.jpg","PulseiraCour03029175.jpg","PulseiraCour03029175M.jpg","","","","","","","",60,,642,"",,,0,,"","Pulseira, bijuterias, atacado de bijuterias, atacado de bijouterias, biju, biju, finas, bijuterias",0,0,,True,False,0,0,0,"","","","","","",""
"A","Pulseiras Diversos",5236973,"0003029168","Pulseira",14,"","Cor: Preto
Material: Courino e Metal
Ajustável
Medidas do Produto(cm)
Largura 6
Altura 6
Profundidade 2.5
Peso: 14g

Pulseira, bijuterias, atacado de bijuterias, atacado de bijouterias, biju, biju, finas, bijuterias","",False,11,0,True,1417,0,9.9,0,0,0,,,False,False,"PulseiraCour03029168.jpg","PulseiraCour03029168.jpg","PulseiraCour03029168M.jpg","","","","","","","",60,,642,"",,,0,,"","Pulseira, bijuterias, atacado de bijuterias, atacado de bijouterias, biju, biju, finas, bijuterias",0,0,,True,False,0,0,0,"","","","","","",""
"A","Pulseiras Diversos",5236985,"0003029176","Pulseira",14,"","Cor: Preto
Material: Courino e Metal
Ajustável
Medidas do Produto(cm)
Largura 6
Altura 6
Profundidade 2.5
Peso: 14g

Pulseira, bijuterias, atacado de bijuterias, atacado de bijouterias, biju, biju, finas, bijuterias","",False,2,0,True,1417,0,9.9,0,0,0,,,False,False,"PulseiraCour03029176.jpg","PulseiraCour03029176.jpg","PulseiraCour03029176M.jpg","","","","","","","",60,,642,"",,,0,,"","Pulseira, bijuterias, atacado de bijuterias, atacado de bijouterias, biju, biju, finas, bijuterias",0,0,,True,False,0,0,0,"","","","","","",""
"A","Pulseiras Diversos",5236986,"0003029167","Pulseira",14,"","Colorido
Material: Courino e Metal
Pingentes Sortidos
Ajustável
Medidas do Produto(cm)
Largura 6
Altura 6
Profundidade 2.5
Peso: 14g

Pulseira, bijuterias, atacado de bijuterias, atacado de bijouterias, biju, biju, finas, bijuterias","",False,3,0,True,1407,0,9.9,0,0,0,,,False,False,"PulseiraCour03029167.jpg","PulseiraCour03029167.jpg","PulseiraCour03029167M.jpg","","","","","","","",60,,642,"",,,0,,"","Pulseira, bijuterias, atacado de bijuterias, atacado de bijouterias, biju, biju, finas, bijuterias",0,0,,True,False,0,0,0,"","","","","","",""
"A","Pulseiras Diversos",5236988,"0003029184","Pulseira",14,"","Cor: Preto
Material: Courino e Metal
Ajustável
Medidas do Produto(cm)
Largura 6
Altura 6
Profundidade 2.5
Peso: 14g

Pulseira, bijuterias, atacado de bijuterias, atacado de bijouterias, biju, biju, finas, bijuterias","",False,0,0,False,1417,0,9.9,0,0,0,,,False,False,"PulseiraCour03029184.jpg","PulseiraCour03029184.jpg","PulseiraCour03029184M.jpg","","","","","","","",60,,642,"",,,0,,"","Pulseira, bijuterias, atacado de bijuterias, atacado de bijouterias, biju, biju, finas, bijuterias",0,0,,True,False,0,0,0,"","","","","","",""
"A","Pulseiras Diversos",5236990,"0003029178","Pulseira",14,"","Cor: Preto
Material: Courino e Metal
Ajustável
Medidas do Produto(cm)
Largura 6
Altura 6
Profundidade 2.5
Peso: 14g

Pulseira, bijuterias, atacado de bijuterias, atacado de bijouterias, biju, biju, finas, bijuterias","",False,4,0,True,1417,0,9.9,0,0,0,,,False,False,"PulseiraCour03029178.jpg","PulseiraCour03029178.jpg","PulseiraCour03029178M.jpg","","","","","","","",60,,642,"",,,0,,"","Pulseira, bijuterias, atacado de bijuterias, atacado de bijouterias, biju, biju, finas, bijuterias",0,0,,True,False,0,0,0,"","","","","","",""
"A","Pulseiras Diversos",5236991,"0003029178","Pulseira",14,"","Cor: Preto
Material: Courino e Metal
Ajustável
Medidas do Produto(cm)
Largura 6
Altura 6
Profundidade 2.5
Peso: 14g

Pulseira, bijuterias, atacado de bijuterias, atacado de bijouterias, biju, biju, finas, bijuterias","",False,4,0,True,1417,0,9.9,0,0,0,,,False,False,"PulseiraCour03029178.jpg","PulseiraCour03029178.jpg","PulseiraCour03029178M.jpg","","","","","","","",60,,642,"",,,0,,"","Pulseira, bijuterias, atacado de bijuterias, atacado de bijouterias, biju, biju, finas, bijuterias",0,0,,True,False,0,0,0,"","","","","","",""
"A","Pulseiras Diversos",5236992,"0003029185","Pulseira",18,"","Cor: Preto
Material: Courino e Metal
Ajustável
Medidas do Produto(cm)
Largura 6
Altura 6
Profundidade 2.5
Peso: 18g

Pulseira, bijuterias, atacado de bijuterias, atacado de bijouterias, biju, biju, finas, bijuterias","",False,0,0,False,1817,0,9.9,0,0,0,,,False,False,"PulseiraCour03029185.jpg","PulseiraCour03029185.jpg","PulseiraCour03029185M.jpg","","","","","","","",60,,642,"",,,0,,"","Pulseira, bijuterias, atacado de bijuterias, atacado de bijouterias, biju, biju, finas, bijuterias",0,0,,True,False,0,0,0,"","","","","","",""
"A","Pulseiras Diversos",5236998,"0003029164","Pulseira",14,"","Cor: Marrom
Material: Courino e Metal
Ajustável
Medidas do Produto(cm)
Largura 6
Altura 6
Profundidade 2.5
Peso: 14g

Pulseira, bijuterias, atacado de bijuterias, atacado de bijouterias, biju, biju, finas, bijuterias","",False,2,0,True,1413,0,9.9,0,0,0,,,False,False,"PulseiraCour03029164.jpg","PulseiraCour03029164.jpg","PulseiraCour03029164M.jpg","","","","","","","",60,,642,"",,,0,,"","Pulseira, bijuterias, atacado de bijuterias, atacado de bijouterias, biju, biju, finas, bijuterias",0,0,,True,False,0,0,0,"","","","","","",""
"A","Pulseiras Diversos",5237000,"0003029170","Pulseira",12,"","Cor: Preto
Material: Courino e Metal
Pingentes Sortidos
Ajustável
Medidas do Produto(cm)
Largura 6
Altura 6
Profundidade 1.4
Peso: 12g

Pulseira, bijuterias, atacado de bijuterias, atacado de bijouterias, biju, biju, finas, bijuterias","",False,10,0,True,1217,0,9.9,0,0,0,,,False,False,"PulseiraCour03029170.jpg","PulseiraCour03029170.jpg","PulseiraCour03029170M.jpg","","","","","","","",60,,642,"",,,0,,"","Pulseira, bijuterias, atacado de bijuterias, atacado de bijouterias, biju, biju, finas, bijuterias",0,0,,True,False,0,0,0,"","","","","","",""
"A","Pulseiras Diversos",5250983,"0003027026","Pulseira",18,"","Cor: Verde e Grafite
Material: Missanga e Metal
Medidas do Produto(cm)
Largura 1
Altura 26.2
Profundidade 0.9
Peso: 18g

Pulseira, bijuterias, atacado de bijuterias, atacado de bijouterias, biju, biju, finas, bijuterias","",False,10,0,True,1807,0,6,0,0,0,,,False,False,"PulseiraMiss03027026.jpg","PulseiraMiss03027026.jpg","PulseiraMiss03027026M.jpg","","","","","","","",61,,642,"",,,0,,"","Pulseira, bijuterias, atacado de bijuterias, atacado de bijouterias, biju, biju, finas, bijuterias",0,0,,True,False,0,0,0,"","","","","","",""
"A","Pulseiras Diversos",5250993,"0003027025","Pulseira",18,"","Cor: Verde e Prata
Material: Missanga e Metal
Medidas do Produto(cm)
Largura 1
Altura 26.2
Profundidade 0.9
Peso: 18g

Pulseira, bijuterias, atacado de bijuterias, atacado de bijouterias, biju, biju, finas, bijuterias","",False,3,0,True,1807,0,6,0,0,0,,,False,False,"PulseiraMiss03027025.jpg","PulseiraMiss03027025.jpg","PulseiraMiss03027025M.jpg","","","","","","","",61,,642,"",,,0,,"","Pulseira, bijuterias, atacado de bijuterias, atacado de bijouterias, biju, biju, finas, bijuterias",0,0,,True,False,0,0,0,"","","","","","",""
"A","Pulseiras Diversos",5251003,"0003027023","Pulseira",14,"","Colorido
Material: Missanga e Metal
Medidas do Produto(cm)
Largura 0.9
Altura 26.2
Profundidade 0.9
Peso: 14g

Pulseira, bijuterias, atacado de bijuterias, atacado de bijouterias, biju, biju, finas, bijuterias","",False,3,0,True,1407,0,6,0,0,0,,,False,False,"PulseiraMiss03027023.jpg","PulseiraMiss03027023.jpg","PulseiraMiss03027023M.jpg","","","","","","","",61,,642,"",,,0,,"","Pulseira, bijuterias, atacado de bijuterias, atacado de bijouterias, biju, biju, finas, bijuterias",0,0,,True,False,0,0,0,"","","","","","",""
"A","Pulseiras Diversos",5251005,"0003027022","Pulseira",14,"","Colorido
Material: Missanga e Metal
Medidas do Produto(cm)
Largura 0.9
Altura 26.2
Profundidade 0.9
Peso: 14g

Pulseira, bijuterias, atacado de bijuterias, atacado de bijouterias, biju, biju, finas, bijuterias","",False,2,0,True,1407,0,6,0,0,0,,,False,False,"PulseiraMiss03027022.jpg","PulseiraMiss03027022.jpg","PulseiraMiss03027022M.jpg","","","","","","","",61,,642,"",,,0,,"","Pulseira, bijuterias, atacado de bijuterias, atacado de bijouterias, biju, biju, finas, bijuterias",0,0,,True,False,0,0,0,"","","","","","",""
"A","Pulseiras Diversos",5251006,"0003027024","Pulseira",14,"","Colorido
Material: Missanga e Metal
Medidas do Produto(cm)
Largura 0.9
Altura 26.2
Profundidade 0.9
Peso: 14g

Pulseira, bijuterias, atacado de bijuterias, atacado de bijouterias, biju, biju, finas, bijuterias","",False,1,0,True,1407,0,6,0,0,0,,,False,False,"PulseiraMiss03027024.jpg","PulseiraMiss03027024.jpg","PulseiraMiss03027024M.jpg","","","","","","","",61,,642,"",,,0,,"","Pulseira, bijuterias, atacado de bijuterias, atacado de bijouterias, biju, biju, finas, bijuterias",0,0,,True,False,0,0,0,"","","","","","",""
"A","Pulseiras Diversos",5251096,"0003027029","Pulseira",14,"","Colorido
Material: Missanga e Metal
Medidas do Produto(cm)
Largura 1.3
Altura 26.2
Profundidade 0.9
Peso: 14g

Pulseira, bijuterias, atacado de bijuterias, atacado de bijouterias, biju, biju, finas, bijuterias","",False,8,0,True,1407,0,6,0,0,0,,,False,False,"PulseiraMiss03027029.jpg","PulseiraMiss03027029.jpg","PulseiraMiss03027029M.jpg","","","","","","","",61,,642,"",,,0,,"","Pulseira, bijuterias, atacado de bijuterias, atacado de bijouterias, biju, biju, finas, bijuterias",0,0,,True,False,0,0,0,"","","","","","",""
"A","Pulseiras Diversos",5251099,"0003027030","Pulseira",14,"","Colorido
Material: Missanga e Metal
Medidas do Produto(cm)
Largura 1.3
Altura 26.2
Profundidade 0.9
Peso: 14g

Pulseira, bijuterias, atacado de bijuterias, atacado de bijouterias, biju, biju, finas, bijuterias","",False,0,0,False,1407,0,6,0,0,0,,,False,False,"PulseiraMiss03027030.jpg","PulseiraMiss03027030.jpg","PulseiraMiss03027030M.jpg","","","","","","","",61,,642,"",,,0,,"","Pulseira, bijuterias, atacado de bijuterias, atacado de bijouterias, biju, biju, finas, bijuterias",0,0,,True,False,0,0,0,"","","","","","",""
"A","Pulseiras Diversos",5254124,"0003029228","Pulseira",10,"","Cor: Preto
Material: Courino 
Pulseira Regulável
Medidas do Produto(cm)
Largura 6
Altura 7.5
Profundidade 2
Peso: 10g

Pulseira, bijuterias, atacado de bijuterias, atacado de bijouterias, biju, biju, finas, bijuterias","",False,0,0,False,1017,0,9.9,0,0,0,,,False,False,"PulseiraCour03029228.jpg","PulseiraCour03029228.jpg","PulseiraCour03029228M.jpg","","","","","","","",60,,642,"",,,0,,"","Pulseira, bijuterias, atacado de bijuterias, atacado de bijouterias, biju, biju, finas, bijuterias",0,0,,True,False,0,0,0,"","","","","","",""
"A","Pulseiras Diversos",5254126,"0003029226","Pulseira",10,"","Cor: Preto
Material: Courino 
Pulseira Regulável
Medidas do Produto(cm)
Largura 6
Altura 7.5
Profundidade 2
Peso: 10g

Pulseira, bijuterias, atacado de bijuterias, atacado de bijouterias, biju, biju, finas, bijuterias","",False,2,0,True,1017,0,9.9,0,0,0,,,False,False,"PulseiraCour03029226.jpg","PulseiraCour03029226.jpg","PulseiraCour03029226M.jpg","","","","","","","",60,,642,"",,,0,,"","Pulseira, bijuterias, atacado de bijuterias, atacado de bijouterias, biju, biju, finas, bijuterias",0,0,,True,False,0,0,0,"","","","","","",""
"A","Pulseiras Diversos",5254162,"0003029227","Pulseira",10,"","Cor: Preto
Material: Courino 
Pulseira Regulável
Medidas do Produto(cm)
Largura 6
Altura 7.5
Profundidade 2
Peso: 10g

Pulseira, bijuterias, atacado de bijuterias, atacado de bijouterias, biju, biju, finas, bijuterias","",False,1,0,True,1017,0,9.9,0,0,0,,,False,False,"PulseiraCour03029227.jpg","PulseiraCour03029227.jpg","PulseiraCour03029227M.jpg","","","","","","","",60,,642,"",,,0,,"","Pulseira, bijuterias, atacado de bijuterias, atacado de bijouterias, biju, biju, finas, bijuterias",0,0,,True,False,0,0,0,"","","","","","",""
"A","Pulseiras Diversos",5254168,"0003029225","Pulseira",10,"","Cor: Marrom
Material: Courino 
Pulseira Regulável
Medidas do Produto(cm)
Largura 6
Altura 7.5
Profundidade 2
Peso: 10g

Pulseira, bijuterias, atacado de bijuterias, atacado de bijouterias, biju, biju, finas, bijuterias","",False,4,0,True,1013,0,9.9,0,0,0,,,False,False,"PulseiraCour03029225.jpg","PulseiraCour03029225.jpg","PulseiraCour03029225M.jpg","","","","","","","",60,,642,"",,,0,,"","Pulseira, bijuterias, atacado de bijuterias, atacado de bijouterias, biju, biju, finas, bijuterias",0,0,,True,False,0,0,0,"","","","","","",""
"A","Pulseiras Diversos",5254170,"0003029223","Pulseira",10,"","Cor: Marrom
Material: Courino 
Pulseira Regulável
Medidas do Produto(cm)
Largura 6
Altura 7.5
Profundidade 2
Peso: 10g

Pulseira, bijuterias, atacado de bijuterias, atacado de bijouterias, biju, biju, finas, bijuterias","",False,3,0,True,1013,0,9.9,0,0,0,,,False,False,"PulseiraCour03029223.jpg","PulseiraCour03029223.jpg","PulseiraCour03029223M.jpg","","","","","","","",60,,642,"",,,0,,"","Pulseira, bijuterias, atacado de bijuterias, atacado de bijouterias, biju, biju, finas, bijuterias",0,0,,True,False,0,0,0,"","","","","","",""
"A","Pulseiras Diversos",5254171,"0003029224","Pulseira",10,"","Cor: Marrom
Material: Courino 
Pulseira Regulável
Medidas do Produto(cm)
Largura 6
Altura 7.5
Profundidade 2
Peso: 10g

Pulseira, bijuterias, atacado de bijuterias, atacado de bijouterias, biju, biju, finas, bijuterias","",False,4,0,True,1013,0,9.9,0,0,0,,,False,False,"PulseiraCour03029224.jpg","PulseiraCour03029224.jpg","PulseiraCour03029224M.jpg","","","","","","","",60,,642,"",,,0,,"","Pulseira, bijuterias, atacado de bijuterias, atacado de bijouterias, biju, biju, finas, bijuterias",0,0,,True,False,0,0,0,"","","","","","",""
"A","Pulseiras Diversos",5255291,"0003029221","Pulseira",14,"","Colorido
Material: Courino,Pedra e Metal
Pingentes Sortidos
Pulseira Regulável
Medidas do Produto(cm)
Largura 6.5
Altura 7.5
Profundidade 2
Peso: 14g

Pulseira, bijuterias, atacado de bijuterias, atacado de bijouterias, biju, biju, finas, bijuterias","",False,22,0,True,1407,0,9.9,0,0,0,,,False,False,"PulseiraCour03029221.jpg","PulseiraCour03029221.jpg","PulseiraCour03029221M.jpg","","","","","","","",60,,642,"",,,0,,"","Pulseira, bijuterias, atacado de bijuterias, atacado de bijouterias, biju, biju, finas, bijuterias",0,0,,True,False,0,0,0,"","","","","","",""
"A","Pulseiras Diversos",5255292,"0003029222","Pulseira",14,"","Colorido
Material: Courino,Pedra e Metal
Pingentes Sortidos
Pulseira Regulável
Medidas do Produto(cm)
Largura 6.5
Altura 7.5
Profundidade 2
Peso: 14g

Pulseira, bijuterias, atacado de bijuterias, atacado de bijouterias, biju, biju, finas, bijuterias","",False,22,0,True,1407,0,9.9,0,0,0,,,False,False,"PulseiraCour03029222.jpg","PulseiraCour03029222.jpg","PulseiraCour03029222M.jpg","","","","","","","",60,,642,"",,,0,,"","Pulseira, bijuterias, atacado de bijuterias, atacado de bijouterias, biju, biju, finas, bijuterias",0,0,,True,False,0,0,0,"","","","","","",""
"A","Pulseiras Diversos",5273588,"0003029263","Pulseira",32,"","Cor: Dourado Envelhecido e Vermelho
Material: Metal, Cristal e Courino
Pingente Sortido
Medidas do Produto(cm)
Largura 2.5
Altura 19
Profundidade 1.5
Peso: 32g

Pulseira, bijuterias, atacado de bijuterias, atacado de bijouterias, biju, biju, finas, bijuterias","",False,0,0,False,3207,0,10.5,0,0,0,,,False,False,"PulseiraDiver03029263.jpg","PulseiraDiver03029263.jpg","PulseiraDiver03029263M.jpg","","","","","","","",61,,642,"",,,0,,"","Pulseira, bijuterias, atacado de bijuterias, atacado de bijouterias, biju, biju, finas, bijuterias",0,0,,True,False,0,0,0,"","","","","","",""
"A","Pulseiras Diversos",5273623,"0003029262","Pulseira",32,"","Cor: Dourado Envelhecido e Bege
Material: Metal, Cristal e Courino
Pingente Sortido
Medidas do Produto(cm)
Largura 2.5
Altura 19
Profundidade 1.5
Peso: 32g

Pulseira, bijuterias, atacado de bijuterias, atacado de bijouterias, biju, biju, finas, bijuterias","",False,0,0,False,3207,0,10.5,0,0,0,,,False,False,"PulseiraDiver03029262.jpg","PulseiraDiver03029262.jpg","PulseiraDiver03029262M.jpg","","","","","","","",61,,642,"",,,0,,"","Pulseira, bijuterias, atacado de bijuterias, atacado de bijouterias, biju, biju, finas, bijuterias",0,0,,True,False,0,0,0,"","","","","","",""
"A","Pulseiras Diversos",5285746,"0003029288","Pulseira",18,"","Cor: Azul Escuro
Material: Courino 
Pulseira não Ajustável
Pingentes Sortidos
Contém 7 pulseiras
Medidas do Produto(cm)
Largura 7
Altura 7
Profundidade 0.5
Peso: 18g

Pulseira, bijuterias, atacado de bijuterias, atacado de bijouterias, biju, biju, finas, bijuterias","",False,0,0,False,1802,0,6.9,0,0,0,,,False,False,"PulseiraBFin03029288.jpg","PulseiraBFin03029288.jpg","PulseiraBFin03029288M.jpg","","","","","","","",60,,642,"",,,0,,"","Pulseira, bijuterias, atacado de bijuterias, atacado de bijouterias, biju, biju, finas, bijuterias",0,0,,True,False,0,0,0,"","","","","","",""
"A","Pulseiras Diversos",5285755,"0003029291","Pulseira",18,"","Cor: Preto
Material: Courino 
Pulseira não Ajustável
Pingentes Sortidos
Contém 7 pulseiras
Medidas do Produto(cm)
Largura 7
Altura 7
Profundidade 0.5
Peso: 18g

Pulseira, bijuterias, atacado de bijuterias, atacado de bijouterias, biju, biju, finas, bijuterias","",False,0,0,False,1817,0,6.9,0,0,0,,,False,False,"PulseiraBFin03029291.jpg","PulseiraBFin03029291.jpg","PulseiraBFin03029291M.jpg","","","","","","","",60,,642,"",,,0,,"","Pulseira, bijuterias, atacado de bijuterias, atacado de bijouterias, biju, biju, finas, bijuterias",0,0,,True,False,0,0,0,"","","","","","",""
"A","Pulseiras Diversos",5285762,"0003029290","Pulseira",18,"","Cor: Marrom Escuro
Material: Courino 
Pulseira não Ajustável
Pingentes Sortidos
Contém 7 pulseiras
Medidas do Produto(cm)
Largura 7
Altura 7
Profundidade 0.5
Peso: 18g

Pulseira, bijuterias, atacado de bijuterias, atacado de bijouterias, biju, biju, finas, bijuterias","",False,0,0,False,1802,0,6.9,0,0,0,,,False,False,"PulseiraBFin03029290.jpg","PulseiraBFin03029290.jpg","PulseiraBFin03029290M.jpg","","","","","","","",60,,642,"",,,0,,"","Pulseira, bijuterias, atacado de bijuterias, atacado de bijouterias, biju, biju, finas, bijuterias",0,0,,True,False,0,0,0,"","","","","","",""
"A","Pulseiras Diversos",5285767,"0003029318","Pulseira",32,"","Cor: Preto
Material: Courino e Metal
Pulseira Ajustável
Pingentes Sortidos
Medidas do Produto(cm)
Largura 5.8
Altura 5.8
Profundidade 2
Peso: 32g

Pulseira, bijuterias, atacado de bijuterias, atacado de bijouterias, biju, biju, finas, bijuterias","",False,0,0,False,3207,0,9.6,0,0,0,,,False,False,"PulseiraBFin03029318.jpg","PulseiraBFin03029318.jpg","PulseiraBFin03029318M.jpg","","","","","","","",60,,642,"",,,0,,"","Pulseira, bijuterias, atacado de bijuterias, atacado de bijouterias, biju, biju, finas, bijuterias",0,0,,True,False,0,0,0,"","","","","","",""
"A","Pulseiras Diversos",5285771,"0003029316","Pulseira",32,"","Cor: Bege
Material: Courino e Metal
Pulseira Ajustável
Pingentes Sortidos
Medidas do Produto(cm)
Largura 5.8
Altura 5.8
Profundidade 2
Peso: 32g

Pulseira, bijuterias, atacado de bijuterias, atacado de bijouterias, biju, biju, finas, bijuterias","",False,0,0,False,3207,0,9.6,0,0,0,,,False,False,"PulseiraBFin03029316.jpg","PulseiraBFin03029316.jpg","PulseiraBFin03029316M.jpg","","","","","","","",60,,642,"",,,0,,"","Pulseira, bijuterias, atacado de bijuterias, atacado de bijouterias, biju, biju, finas, bijuterias",0,0,,True,False,0,0,0,"","","","","","",""
"A","Pulseiras Diversos",5333936,"0003029343","Pulseira",8,"","Cor: Preto e Prata
Material: Tecido e Metal
Pulseira Ajustável
Medidas do Produto(cm)
Largura 11
Altura 1
Profundidade 1.2
Peso: 8g

Pulseira, bijuterias, atacado de bijuterias, atacado de bijouterias, biju, biju, finas, bijuterias","",False,0,0,False,817,0,4.9,0,0,0,,,False,False,"PulseiraTecid03029343.jpg","PulseiraTecid03029343.jpg","PulseiraTecid03029343M.jpg","","","","","","","",61,,642,"",,,0,,"","Pulseira, bijuterias, atacado de bijuterias, atacado de bijouterias, biju, biju, finas, bijuterias",0,0,,True,False,0,0,0,"","","","","","",""
"A","Pulseiras Diversos",5333937,"0003029344","Pulseira",8,"","Cor: Marrom e Dourado
Material: Tecido e Metal
Pulseira Ajustável
Medidas do Produto(cm)
Largura 11
Altura 1
Profundidade 1.2
Peso: 8g

Pulseira, bijuterias, atacado de bijuterias, atacado de bijouterias, biju, biju, finas, bijuterias","",False,0,0,False,807,0,4.9,0,0,0,,,False,False,"PulseiraTecid03029344.jpg","PulseiraTecid03029344.jpg","PulseiraTecid03029344M.jpg","","","","","","","",61,,642,"",,,0,,"","Pulseira, bijuterias, atacado de bijuterias, atacado de bijouterias, biju, biju, finas, bijuterias",0,0,,True,False,0,0,0,"","","","","","",""
"A","Pulseiras Diversos",5333938,"0003029345","Pulseira",8,"","Cor: Preto e Grafite
Material: Tecido e Metal
Pulseira Ajustável
Medidas do Produto(cm)
Largura 11
Altura 1
Profundidade 1.2
Peso: 8g

Pulseira, bijuterias, atacado de bijuterias, atacado de bijouterias, biju, biju, finas, bijuterias","",False,0,0,False,817,0,4.9,0,0,0,,,False,False,"PulseiraTecid03029345.jpg","PulseiraTecid03029345.jpg","PulseiraTecid03029345M.jpg","","","","","","","",61,,642,"",,,0,,"","Pulseira, bijuterias, atacado de bijuterias, atacado de bijouterias, biju, biju, finas, bijuterias",0,0,,True,False,0,0,0,"","","","","","",""
"A","Pulseiras Diversos",5333939,"0003029342","Pulseira",8,"","Cor: Preto e Grafite
Material: Tecido e Metal
Pulseira Ajustável
Medidas do Produto(cm)
Largura 11
Altura 2
Profundidade 1.2
Peso: 8g

Pulseira, bijuterias, atacado de bijuterias, atacado de bijouterias, biju, biju, finas, bijuterias","",False,0,0,False,817,0,4.9,0,0,0,,,False,False,"PulseiraTecid03029342.jpg","PulseiraTecid03029342.jpg","PulseiraTecid03029342M.jpg","","","","","","","",61,,642,"",,,0,,"","Pulseira, bijuterias, atacado de bijuterias, atacado de bijouterias, biju, biju, finas, bijuterias",0,0,,True,False,0,0,0,"","","","","","",""
"A","Pulseiras Diversos",5333940,"0003029340","Pulseira",8,"","Cor: Preto e Prata
Material: Tecido e Metal
Pulseira Ajustável
Medidas do Produto(cm)
Largura 11
Altura 2
Profundidade 1.2
Peso: 8g

Pulseira, bijuterias, atacado de bijuterias, atacado de bijouterias, biju, biju, finas, bijuterias","",False,0,0,False,817,0,4.9,0,0,0,,,False,False,"PulseiraTecid03029340.jpg","PulseiraTecid03029340.jpg","PulseiraTecid03029340M.jpg","","","","","","","",61,,642,"",,,0,,"","Pulseira, bijuterias, atacado de bijuterias, atacado de bijouterias, biju, biju, finas, bijuterias",0,0,,True,False,0,0,0,"","","","","","",""
"A","Pulseiras Diversos",5333941,"0003029341","Pulseira",8,"","Cor: Marrom e Dourado  
Material: Tecido e Metal
Pulseira Ajustável
Medidas do Produto(cm)
Largura 11
Altura 2
Profundidade 1.2
Peso: 8g

Pulseira, bijuterias, atacado de bijuterias, atacado de bijouterias, biju, biju, finas, bijuterias","",False,0,0,False,807,0,4.9,0,0,0,,,False,False,"PulseiraTecid03029341.jpg","PulseiraTecid03029341.jpg","PulseiraTecid03029341M.jpg","","","","","","","",61,,642,"",,,0,,"","Pulseira, bijuterias, atacado de bijuterias, atacado de bijouterias, biju, biju, finas, bijuterias",0,0,,True,False,0,0,0,"","","","","","",""
"A","Pulseiras Diversos",5333942,"0003029335","Pulseira",8,"","Cor: Marrom e Dourado  
Material: Tecido e Metal
Pulseira Ajustável
Medidas do Produto(cm)
Largura 11
Altura 2.5
Profundidade 1.2
Peso: 8g

Pulseira, bijuterias, atacado de bijuterias, atacado de bijouterias, biju, biju, finas, bijuterias","",False,0,0,False,807,0,4.9,0,0,0,,,False,False,"PulseiraTecid03029335.jpg","PulseiraTecid03029335.jpg","PulseiraTecid03029335M.jpg","","","","","","","",61,,642,"",,,0,,"","Pulseira, bijuterias, atacado de bijuterias, atacado de bijouterias, biju, biju, finas, bijuterias",0,0,,True,False,0,0,0,"","","","","","",""
"A","Pulseiras Diversos",5333943,"0003029336","Pulseira",8,"","Cor: Preto e Grafite
Material: Tecido e Metal
Pulseira Ajustável
Medidas do Produto(cm)
Largura 11
Altura 2.5
Profundidade 1.2
Peso: 8g

Pulseira, bijuterias, atacado de bijuterias, atacado de bijouterias, biju, biju, finas, bijuterias","",False,6,0,True,817,0,4.9,0,0,0,,,False,False,"PulseiraTecid03029336.jpg","PulseiraTecid03029336.jpg","PulseiraTecid03029336M.jpg","","","","","","","",61,,642,"",,,0,,"","Pulseira, bijuterias, atacado de bijuterias, atacado de bijouterias, biju, biju, finas, bijuterias",0,0,,True,False,0,0,0,"","","","","","",""
"A","Pulseiras Diversos",5333944,"0003029334","Pulseira",8,"","Cor: Preto e Prata
Material: Tecido e Metal
Pulseira Ajustável
Medidas do Produto(cm)
Largura 11
Altura 2.5
Profundidade 1.2
Peso: 8g

Pulseira, bijuterias, atacado de bijuterias, atacado de bijouterias, biju, biju, finas, bijuterias","",False,0,0,False,817,0,4.9,0,0,0,,,False,False,"PulseiraTecid03029334.jpg","PulseiraTecid03029334.jpg","PulseiraTecid03029334M.jpg","","","","","","","",61,,642,"",,,0,,"","Pulseira, bijuterias, atacado de bijuterias, atacado de bijouterias, biju, biju, finas, bijuterias",0,0,,True,False,0,0,0,"","","","","","",""
"A","Pulseiras Diversos",5333945,"0003029339","Pulseira",8,"","Cor: Preto e Grafite
Material: Tecido e Metal
Pulseira Ajustável
Medidas do Produto(cm)
Largura 11
Altura 2.3
Profundidade 1.2
Peso: 8g

Pulseira, bijuterias, atacado de bijuterias, atacado de bijouterias, biju, biju, finas, bijuterias","",False,0,0,False,817,0,4.9,0,0,0,,,False,False,"PulseiraTecid03029339.jpg","PulseiraTecid03029339.jpg","PulseiraTecid03029339M.jpg","","","","","","","",61,,642,"",,,0,,"","Pulseira, bijuterias, atacado de bijuterias, atacado de bijouterias, biju, biju, finas, bijuterias",0,0,,True,False,0,0,0,"","","","","","",""
"A","Pulseiras Diversos",5333946,"0003029337","Pulseira",8,"","Cor: Preto e Prata
Material: Tecido e Metal
Pulseira Ajustável
Medidas do Produto(cm)
Largura 11
Altura 2.3
Profundidade 1.2
Peso: 8g

Pulseira, bijuterias, atacado de bijuterias, atacado de bijouterias, biju, biju, finas, bijuterias","",False,0,0,False,817,0,4.9,0,0,0,,,False,False,"PulseiraTecid03029337.jpg","PulseiraTecid03029337.jpg","PulseiraTecid03029337M.jpg","","","","","","","",61,,642,"",,,0,,"","Pulseira, bijuterias, atacado de bijuterias, atacado de bijouterias, biju, biju, finas, bijuterias",0,0,,True,False,0,0,0,"","","","","","",""
"A","Pulseiras Diversos",5333951,"0003029356","Pulseira",32,"","Cor: Dourado Envelhecido e Azul
Material: Metal, Cristal e Courino
Pingente Sortido
Medidas do Produto(cm)
Largura 2.5
Altura 19
Profundidade 1.5
Peso: 32g

Pulseira, bijuterias, atacado de bijuterias, atacado de bijouterias, biju, biju, finas, bijuterias","",False,0,0,False,3207,0,6.9,0,0,0,,,False,False,"PulseiraDiver03029356.jpg","PulseiraDiver03029356.jpg","PulseiraDiver03029356M.jpg","","","","","","","",61,,642,"",,,0,,"","Pulseira, bijuterias, atacado de bijuterias, atacado de bijouterias, biju, biju, finas, bijuterias",0,0,,True,False,0,0,0,"","","","","","",""
"A","Pulseiras Diversos",5333953,"0003029357","Pulseira",32,"","Cor: Dourado Envelhecido e Verde
Material: Metal, Cristal e Courino
Pingente Sortido
Medidas do Produto(cm)
Largura 2.5
Altura 19
Profundidade 1.5
Peso: 32g

Pulseira, bijuterias, atacado de bijuterias, atacado de bijouterias, biju, biju, finas, bijuterias","",False,0,0,False,3207,0,6.9,0,0,0,,,False,False,"PulseiraDiver03029357.jpg","PulseiraDiver03029357.jpg","PulseiraDiver03029357M.jpg","","","","","","","",61,,642,"",,,0,,"","Pulseira, bijuterias, atacado de bijuterias, atacado de bijouterias, biju, biju, finas, bijuterias",0,0,,True,False,0,0,0,"","","","","","",""
"A","Pulseiras Diversos",5333954,"0003029353","Pulseira",32,"","Cor: Prata e Branco
Material: Metal, Cristal e Courino
Pingente Sortido
Medidas do Produto(cm)
Largura 2.5
Altura 19
Profundidade 1.5
Peso: 32g

Pulseira, bijuterias, atacado de bijuterias, atacado de bijouterias, biju, biju, finas, bijuterias","",False,0,0,False,3207,0,6.9,0,0,0,,,False,False,"PulseiraDiver03029353.jpg","PulseiraDiver03029353.jpg","PulseiraDiver03029353M.jpg","","","","","","","",61,,642,"",,,0,,"","Pulseira, bijuterias, atacado de bijuterias, atacado de bijouterias, biju, biju, finas, bijuterias",0,0,,True,False,0,0,0,"","","","","","",""
"A","Pulseiras Diversos",5333956,"0003029354","Pulseira",32,"","Cor: Prata e Vermelha
Material: Metal, Cristal e Courino
Pingente Sortido
Medidas do Produto(cm)
Largura 2.5
Altura 19
Profundidade 1.5
Peso: 32g

Pulseira, bijuterias, atacado de bijuterias, atacado de bijouterias, biju, biju, finas, bijuterias","",False,2,0,True,3107,0,6.9,0,0,0,,,False,False,"PulseiraDiver03029354.jpg","PulseiraDiver03029354.jpg","PulseiraDiver03029354M.jpg","","","","","","","",61,,642,"",,,0,,"","Pulseira, bijuterias, atacado de bijuterias, atacado de bijouterias, biju, biju, finas, bijuterias",0,0,,True,False,0,0,0,"","","","","","",""
"A","Pulseiras Diversos",5333959,"0003029355","Pulseira",32,"","Cor: Prata e Preto
Material: Metal, Cristal e Courino
Pingente Sortido
Medidas do Produto(cm)
Largura 2.5
Altura 19
Profundidade 1.5
Peso: 32g

Pulseira, bijuterias, atacado de bijuterias, atacado de bijouterias, biju, biju, finas, bijuterias","",False,0,0,False,3207,0,6.9,0,0,0,,,False,False,"PulseiraDiver03029355.jpg","PulseiraDiver03029355.jpg","PulseiraDiver03029355M.jpg","","","","","","","",61,,642,"",,,0,,"","Pulseira, bijuterias, atacado de bijuterias, atacado de bijouterias, biju, biju, finas, bijuterias",0,0,,True,False,0,0,0,"","","","","","",""
"A","Pulseiras Diversos",5333964,"0003029365","Pulseira",30,"","Cor: Dourado Envelhecido e Verde
Material: Metal, Cristal e Courino
Pingente Sortido
Medidas do Produto(cm)
Largura 2.5
Altura 19
Profundidade 1.5
Peso: 30g

Pulseira, bijuterias, atacado de bijuterias, atacado de bijouterias, biju, biju, finas, bijuterias","",False,0,0,False,3007,0,6.9,0,0,0,,,False,False,"PulseiraDiver03029365.jpg","PulseiraDiver03029365.jpg","PulseiraDiver03029365M.jpg","","","","","","","",61,,642,"",,,0,,"","Pulseira, bijuterias, atacado de bijuterias, atacado de bijouterias, biju, biju, finas, bijuterias",0,0,,True,False,0,0,0,"","","","","","",""
"A","Pulseiras Diversos",5333966,"0003029364","Pulseira",30,"","Cor: Dourado Envelhecido e Azul
Material: Metal, Cristal e Courino
Pingente Sortido
Medidas do Produto(cm)
Largura 2.5
Altura 19
Profundidade 1.5
Peso: 30g

Pulseira, bijuterias, atacado de bijuterias, atacado de bijouterias, biju, biju, finas, bijuterias","",False,0,0,False,3007,0,6.9,0,0,0,,,False,False,"PulseiraDiver03029364.jpg","PulseiraDiver03029364.jpg","PulseiraDiver03029364M.jpg","","","","","","","",61,,642,"",,,0,,"","Pulseira, bijuterias, atacado de bijuterias, atacado de bijouterias, biju, biju, finas, bijuterias",0,0,,True,False,0,0,0,"","","","","","",""
"A","Pulseiras Diversos",5333967,"0003029363","Pulseira",30,"","Cor: Dourado Envelhecido e Azul
Material: Metal, Cristal e Courino
Pingente Sortido
Medidas do Produto(cm)
Largura 2.5
Altura 19
Profundidade 1.5
Peso: 30g

Pulseira, bijuterias, atacado de bijuterias, atacado de bijouterias, biju, biju, finas, bijuterias","",False,0,0,False,3007,0,6.9,0,0,0,,,False,False,"PulseiraDiver03029363.jpg","PulseiraDiver03029363.jpg","PulseiraDiver03029363M.jpg","","","","","","","",61,,642,"",,,0,,"","Pulseira, bijuterias, atacado de bijuterias, atacado de bijouterias, biju, biju, finas, bijuterias",0,0,,True,False,0,0,0,"","","","","","",""
"A","Pulseiras Diversos",5333968,"0003029361","Pulseira",30,"","Cor: Prata e Vermelho
Material: Metal, Cristal e Courino
Pingente Sortido
Medidas do Produto(cm)
Largura 2.5
Altura 19
Profundidade 1.5
Peso: 30g

Pulseira, bijuterias, atacado de bijuterias, atacado de bijouterias, biju, biju, finas, bijuterias","",False,0,0,False,3007,0,6.9,0,0,0,,,False,False,"PulseiraDiver03029361.jpg","PulseiraDiver03029361.jpg","PulseiraDiver03029361M.jpg","","","","","","","",61,,642,"",,,0,,"","Pulseira, bijuterias, atacado de bijuterias, atacado de bijouterias, biju, biju, finas, bijuterias",0,0,,True,False,0,0,0,"","","","","","",""
"A","Pulseiras Diversos",5333969,"0003029362","Pulseira",30,"","Cor: Prata e Preto
Material: Metal, Cristal e Courino
Pingente Sortido
Medidas do Produto(cm)
Largura 2.5
Altura 19
Profundidade 1.5
Peso: 30g

Pulseira, bijuterias, atacado de bijuterias, atacado de bijouterias, biju, biju, finas, bijuterias","",False,0,0,False,3007,0,6.9,0,0,0,,,False,False,"PulseiraDiver03029362.jpg","PulseiraDiver03029362.jpg","PulseiraDiver03029362M.jpg","","","","","","","",61,,642,"",,,0,,"","Pulseira, bijuterias, atacado de bijuterias, atacado de bijouterias, biju, biju, finas, bijuterias",0,0,,True,False,0,0,0,"","","","","","",""
"A","Pulseiras Diversos",5333970,"0003029360","Pulseira",30,"","Cor: Prata e Branco
Material: Metal, Cristal e Courino
Pingente Sortido
Medidas do Produto(cm)
Largura 2.5
Altura 19
Profundidade 1.5
Peso: 30g

Pulseira, bijuterias, atacado de bijuterias, atacado de bijouterias, biju, biju, finas, bijuterias","",False,4,0,True,6007,0,6.9,0,0,0,,,False,False,"PulseiraDiver03029360.jpg","PulseiraDiver03029360.jpg","PulseiraDiver03029360M.jpg","","","","","","","",61,,642,"",,,0,,"","Pulseira, bijuterias, atacado de bijuterias, atacado de bijouterias, biju, biju, finas, bijuterias",0,0,,True,False,0,0,0,"","","","","","",""
"A","Pulseiras Diversos",5335314,"0003029385","Pulseira",22,"","Cor: Branco
Material: Metal,Strass e Courino
Medidas do Produto(cm)
Largura 20.7
Altura 2
Profundidade 0.5
Peso: 22g

Pulseira, bijuterias, atacado de bijuterias, atacado de bijouterias, biju, biju, finas, bijuterias","",False,0,0,False,2205,0,9.9,0,0,0,,,False,False,"PulseiraDiver03029385.jpg","PulseiraDiver03029385.jpg","PulseiraDiver03029385M.jpg","","","","","","","",62,,642,"",,,0,,"","Pulseira, bijuterias, atacado de bijuterias, atacado de bijouterias, biju, biju, finas, bijuterias",0,0,,True,False,0,0,0,"","","","","","",""
"A","Pulseiras Diversos",5335316,"0003029390","Pulseira",22,"","Cor: Preto
Material: Metal,Strass e Courino
Medidas do Produto(cm)
Largura 20.7
Altura 2
Profundidade 0.5
Peso: 22g

Pulseira, bijuterias, atacado de bijuterias, atacado de bijouterias, biju, biju, finas, bijuterias","",False,0,0,False,2217,0,9.9,0,0,0,,,False,False,"PulseiraDiver03029390.jpg","PulseiraDiver03029390.jpg","PulseiraDiver03029390M.jpg","","","","","","","",62,,642,"",,,0,,"","Pulseira, bijuterias, atacado de bijuterias, atacado de bijouterias, biju, biju, finas, bijuterias",0,0,,True,False,0,0,0,"","","","","","",""
"A","Pulseiras Diversos",5335317,"0003029386","Pulseira",22,"","Cor: Vermelho
Material: Metal,Strass e Courino
Medidas do Produto(cm)
Largura 20.7
Altura 2
Profundidade 0.5
Peso: 22g

Pulseira, bijuterias, atacado de bijuterias, atacado de bijouterias, biju, biju, finas, bijuterias","",False,2,0,True,2223,0,9.9,0,0,0,,,False,False,"PulseiraDiver03029386.jpg","PulseiraDiver03029386.jpg","PulseiraDiver03029386M.jpg","","","","","","","",62,,642,"",,,0,,"","Pulseira, bijuterias, atacado de bijuterias, atacado de bijouterias, biju, biju, finas, bijuterias",0,0,,True,False,0,0,0,"","","","","","",""
"A","Pulseiras Diversos",5335318,"0003029387","Pulseira",22,"","Cor: Azul
Material: Metal,Strass e Courino
Medidas do Produto(cm)
Largura 20.7
Altura 2
Profundidade 0.5
Peso: 22g

Pulseira, bijuterias, atacado de bijuterias, atacado de bijouterias, biju, biju, finas, bijuterias","",False,3,0,True,2202,0,9.9,0,0,0,,,False,False,"PulseiraDiver03029387.jpg","PulseiraDiver03029387.jpg","PulseiraDiver03029387M.jpg","","","","","","","",62,,642,"",,,0,,"","Pulseira, bijuterias, atacado de bijuterias, atacado de bijouterias, biju, biju, finas, bijuterias",0,0,,True,False,0,0,0,"","","","","","",""
"A","Pulseiras Diversos",5335319,"0003029389","Pulseira",22,"","Cor: Grafite
Material: Metal,Strass e Courino
Medidas do Produto(cm)
Largura 20.7
Altura 2
Profundidade 0.5
Peso: 22g

Pulseira, bijuterias, atacado de bijuterias, atacado de bijouterias, biju, biju, finas, bijuterias","",False,3,0,True,2209,0,9.9,0,0,0,,,False,False,"PulseiraDiver03029389.jpg","PulseiraDiver03029389.jpg","PulseiraDiver03029389M.jpg","","","","","","","",62,,642,"",,,0,,"","Pulseira, bijuterias, atacado de bijuterias, atacado de bijouterias, biju, biju, finas, bijuterias",0,0,,True,False,0,0,0,"","","","","","",""
"A","Pulseiras Diversos",5335320,"0003029388","Pulseira",22,"","Cor: Dourado
Material: Metal,Strass e Courino
Medidas do Produto(cm)
Largura 20.7
Altura 2
Profundidade 0.5
Peso: 22g

Pulseira, bijuterias, atacado de bijuterias, atacado de bijouterias, biju, biju, finas, bijuterias","",False,0,0,False,2208,0,9.9,0,0,0,,,False,False,"PulseiraDiver03029388.jpg","PulseiraDiver03029388.jpg","PulseiraDiver03029388M.jpg","","","","","","","",62,,642,"",,,0,,"","Pulseira, bijuterias, atacado de bijuterias, atacado de bijouterias, biju, biju, finas, bijuterias",0,0,,True,False,0,0,0,"","","","","","",""
"A","Pulseiras Diversos",5335321,"0003029373","Pulseira",22,"","Cor: Azul
Material: Metal,Strass e Courino
Medidas do Produto(cm)
Largura 20.7
Altura 2
Profundidade 0.5
Peso: 22g

Pulseira, bijuterias, atacado de bijuterias, atacado de bijouterias, biju, biju, finas, bijuterias","",False,0,0,False,2202,0,9.9,0,0,0,,,False,False,"PulseiraDiver03029373.jpg","PulseiraDiver03029373.jpg","PulseiraDiver03029373M.jpg","","","","","","","",62,,642,"",,,0,,"","Pulseira, bijuterias, atacado de bijuterias, atacado de bijouterias, biju, biju, finas, bijuterias",0,0,,True,False,0,0,0,"","","","","","",""
"A","Pulseiras Diversos",5335331,"0003029376","Pulseira",22,"","Cor: Grafite
Material: Metal,Strass e Courino
Medidas do Produto(cm)
Largura 20.7
Altura 2
Profundidade 0.5
Peso: 22g

Pulseira, bijuterias, atacado de bijuterias, atacado de bijouterias, biju, biju, finas, bijuterias","",False,2,0,True,2209,0,9.9,0,0,0,,,False,False,"PulseiraDiver03029376.jpg","PulseiraDiver03029376.jpg","PulseiraDiver03029376M.jpg","","","","","","","",62,,642,"",,,0,,"","Pulseira, bijuterias, atacado de bijuterias, atacado de bijouterias, biju, biju, finas, bijuterias",0,0,,True,False,0,0,0,"","","","","","",""
"A","Pulseiras Diversos",5335350,"0003029372","Pulseira",22,"","Cor: Vermelho
Material: Metal,Strass e Courino
Medidas do Produto(cm)
Largura 20.7
Altura 2
Profundidade 0.5
Peso: 22g

Pulseira, bijuterias, atacado de bijuterias, atacado de bijouterias, biju, biju, finas, bijuterias","",False,1,0,True,2223,0,9.9,0,0,0,,,False,False,"PulseiraDiver03029372.jpg","PulseiraDiver03029372.jpg","PulseiraDiver03029372M.jpg","","","","","","","",62,,642,"",,,0,,"","Pulseira, bijuterias, atacado de bijuterias, atacado de bijouterias, biju, biju, finas, bijuterias",0,0,,True,False,0,0,0,"","","","","","",""
"A","Pulseiras Diversos",5335364,"0003029377","Pulseira",22,"","Cor: Preto
Material: Metal,Strass e Courino
Medidas do Produto(cm)
Largura 20.7
Altura 2
Profundidade 0.5
Peso: 22g

Pulseira, bijuterias, atacado de bijuterias, atacado de bijouterias, biju, biju, finas, bijuterias","",False,7,0,True,2217,0,9.9,0,0,0,,,False,False,"PulseiraDiver03029377.jpg","PulseiraDiver03029377.jpg","PulseiraDiver03029377M.jpg","","","","","","","",62,,642,"",,,0,,"","Pulseira, bijuterias, atacado de bijuterias, atacado de bijouterias, biju, biju, finas, bijuterias",0,0,,True,False,0,0,0,"","","","","","",""
"A","Pulseiras Diversos",5335365,"0003029374","Pulseira",22,"","Cor: Prata
Material: Metal,Strass e Courino
Medidas do Produto(cm)
Largura 20.7
Altura 2
Profundidade 0.5
Peso: 22g

Pulseira, bijuterias, atacado de bijuterias, atacado de bijouterias, biju, biju, finas, bijuterias","",False,0,0,False,2216,0,9.9,0,0,0,,,False,False,"PulseiraDiver03029374.jpg","PulseiraDiver03029374.jpg","PulseiraDiver03029374M.jpg","","","","","","","",62,,642,"",,,0,,"","Pulseira, bijuterias, atacado de bijuterias, atacado de bijouterias, biju, biju, finas, bijuterias",0,0,,True,False,0,0,0,"","","","","","",""
"A","Pulseiras Diversos",5335375,"0003029378","Pulseira",22,"","Cor: Bege
Material: Metal,Strass e Courino
Medidas do Produto(cm)
Largura 20.7
Altura 2
Profundidade 0.5
Peso: 22g

Pulseira, bijuterias, atacado de bijuterias, atacado de bijouterias, biju, biju, finas, bijuterias","",False,0,0,False,2203,0,9.9,0,0,0,,,False,False,"PulseiraDiver03029378.jpg","PulseiraDiver03029378.jpg","PulseiraDiver03029378M.jpg","","","","","","","",62,,642,"",,,0,,"","Pulseira, bijuterias, atacado de bijuterias, atacado de bijouterias, biju, biju, finas, bijuterias",0,0,,True,False,0,0,0,"","","","","","",""
"A","Pulseiras Diversos",5335376,"0003029375","Pulseira",22,"","Cor: Bege
Material: Metal,Strass e Courino
Medidas do Produto(cm)
Largura 20.7
Altura 2
Profundidade 0.5
Peso: 22g

Pulseira, bijuterias, atacado de bijuterias, atacado de bijouterias, biju, biju, finas, bijuterias","",False,0,0,False,2203,0,9.9,0,0,0,,,False,False,"PulseiraDiver03029375.jpg","PulseiraDiver03029375.jpg","PulseiraDiver03029375M.jpg","","","","","","","",62,,642,"",,,0,,"","Pulseira, bijuterias, atacado de bijuterias, atacado de bijouterias, biju, biju, finas, bijuterias",0,0,,True,False,0,0,0,"","","","","","",""
"A","Pulseiras Diversos",5335378,"0003029380","Pulseira",26,"","Cor: Vermelho
Material: Metal,Strass e Courino
Medidas do Produto(cm)
Largura 20.7
Altura 2.8
Profundidade 0.5
Peso: 26g

Pulseira, bijuterias, atacado de bijuterias, atacado de bijouterias, biju, biju, finas, bijuterias","",False,5,0,True,2623,0,9.9,0,0,0,,,False,False,"PulseiraDiver03029380.jpg","PulseiraDiver03029380.jpg","PulseiraDiver03029380M.jpg","","","","","","","",62,,642,"",,,0,,"","Pulseira, bijuterias, atacado de bijuterias, atacado de bijouterias, biju, biju, finas, bijuterias",0,0,,True,False,0,0,0,"","","","","","",""
"A","Pulseiras Diversos",5335384,"0003029384","Pulseira",26,"","Cor: Preto
Material: Metal,Strass e Courino
Medidas do Produto(cm)
Largura 20.7
Altura 2.8
Profundidade 0.5
Peso: 26g

Pulseira, bijuterias, atacado de bijuterias, atacado de bijouterias, biju, biju, finas, bijuterias","",False,16,0,True,2617,0,9.9,0,0,0,,,False,False,"PulseiraDiver03029384.jpg","PulseiraDiver03029384.jpg","PulseiraDiver03029384M.jpg","","","","","","","",62,,642,"",,,0,,"","Pulseira, bijuterias, atacado de bijuterias, atacado de bijouterias, biju, biju, finas, bijuterias",0,0,,True,False,0,0,0,"","","","","","",""
"A","Pulseiras Diversos",5335385,"0003029382","Pulseira",26,"","Cor: Bege
Material: Metal,Strass e Courino
Medidas do Produto(cm)
Largura 20.7
Altura 2.8
Profundidade 0.5
Peso: 26g

Pulseira, bijuterias, atacado de bijuterias, atacado de bijouterias, biju, biju, finas, bijuterias","",False,0,0,False,2603,0,9.9,0,0,0,,,False,False,"PulseiraDiver03029382.jpg","PulseiraDiver03029382.jpg","PulseiraDiver03029382M.jpg","","","","","","","",62,,642,"",,,0,,"","Pulseira, bijuterias, atacado de bijuterias, atacado de bijouterias, biju, biju, finas, bijuterias",0,0,,True,False,0,0,0,"","","","","","",""
"A","Pulseiras Diversos",5335386,"0003029379","Pulseira",26,"","Cor: Branco
Material: Metal,Strass e Courino
Medidas do Produto(cm)
Largura 20.7
Altura 2.8
Profundidade 0.5
Peso: 26g

Pulseira, bijuterias, atacado de bijuterias, atacado de bijouterias, biju, biju, finas, bijuterias","",False,0,0,False,2605,0,9.9,0,0,0,,,False,False,"PulseiraDiver03029379.jpg","PulseiraDiver03029379.jpg","PulseiraDiver03029379M.jpg","","","","","","","",62,,642,"",,,0,,"","Pulseira, bijuterias, atacado de bijuterias, atacado de bijouterias, biju, biju, finas, bijuterias",0,0,,True,False,0,0,0,"","","","","","",""
"A","Pulseiras Diversos",5367683,"0003029424","Pulseira",14,"","Cor: Bege
Material: Metal e Courino
Medidas do Produto(cm)
Largura 1.5
Altura 40.5
Profundidade 0.7
Peso: 14g

Pulseira, bijuterias, atacado de bijuterias, atacado de bijouterias, biju, biju, finas, bijuterias","",False,14,0,True,1403,0,7.5,0,0,0,,,False,False,"PulseiraCour03029424.jpg","PulseiraCour03029424.jpg","PulseiraCour03029424M.jpg","","","","","","","",62,,644,"",,,0,,"","Pulseira, bijuterias, atacado de bijuterias, atacado de bijouterias, biju, biju, finas, bijuterias",0,0,,True,False,0,0,0,"","","","","","",""
"A","Pulseiras Diversos",5367685,"0003029425","Pulseira",14,"","Cor: Marrom
Material: Metal e Courino
Medidas do Produto(cm)
Largura 1.5
Altura 40.5
Profundidade 0.7
Peso: 14g

Pulseira, bijuterias, atacado de bijuterias, atacado de bijouterias, biju, biju, finas, bijuterias","",False,10,0,True,1413,0,7.5,0,0,0,,,False,False,"PulseiraCour03029425.jpg","PulseiraCour03029425.jpg","PulseiraCour03029425M.jpg","","","","","","","",62,,644,"",,,0,,"","Pulseira, bijuterias, atacado de bijuterias, atacado de bijouterias, biju, biju, finas, bijuterias",0,0,,True,False,0,0,0,"","","","","","",""
"A","Pulseiras Diversos",5367687,"0003029426","Pulseira",14,"","Cor: Marrom Escuro
Material: Metal e Courino
Medidas do Produto(cm)
Largura 1.5
Altura 40.5
Profundidade 0.7
Peso: 14g

Pulseira, bijuterias, atacado de bijuterias, atacado de bijouterias, biju, biju, finas, bijuterias","",False,0,0,False,1413,0,7.5,0,0,0,,,False,False,"PulseiraCour03029426.jpg","PulseiraCour03029426.jpg","PulseiraCour03029426M.jpg","","","","","","","",62,,644,"",,,0,,"","Pulseira, bijuterias, atacado de bijuterias, atacado de bijouterias, biju, biju, finas, bijuterias",0,0,,True,False,0,0,0,"","","","","","",""
"A","Pulseiras Diversos",5367689,"0003029427","Pulseira",14,"","Cor: Preto
Material: Metal e Courino
Medidas do Produto(cm)
Largura 1.5
Altura 40.5
Profundidade 0.7
Peso: 14g

Pulseira, bijuterias, atacado de bijuterias, atacado de bijouterias, biju, biju, finas, bijuterias","",False,9,0,True,1417,0,7.5,0,0,0,,,False,False,"PulseiraCour03029427.jpg","PulseiraCour03029427.jpg","PulseiraCour03029427M.jpg","","","","","","","",62,,644,"",,,0,,"","Pulseira, bijuterias, atacado de bijuterias, atacado de bijouterias, biju, biju, finas, bijuterias",0,0,,True,False,0,0,0,"","","","","","",""
"A","Pulseiras Diversos",5367730,"0003029431","Pulseira",14,"","Cor: Marrom
Material: Metal e Courino
Medidas do Produto(cm)
Largura 3,6
Altura 21.5
Profundidade 0.3
Peso: 14g

Pulseira, bijuterias, atacado de bijuterias, atacado de bijouterias, biju, biju, finas, bijuterias","",False,1,0,True,1413,0,7.5,0,0,0,,,False,False,"PulseiraCour03029431.jpg","PulseiraCour03029431.jpg","PulseiraCour03029431M.jpg","","","","","","","",62,,642,"",,,0,,"","Pulseira, bijuterias, atacado de bijuterias, atacado de bijouterias, biju, biju, finas, bijuterias",0,0,,True,False,0,0,0,"","","","","","",""
"A","Pulseiras Diversos",5367734,"0003029432","Pulseira",14,"","Cor: Marrom Escuro
Material: Metal e Courino
Medidas do Produto(cm)
Largura 3,6
Altura 21.5
Profundidade 0.3
Peso: 14g

Pulseira, bijuterias, atacado de bijuterias, atacado de bijouterias, biju, biju, finas, bijuterias","",False,0,0,False,1413,0,7.5,0,0,0,,,False,False,"PulseiraCour03029432.jpg","PulseiraCour03029432.jpg","PulseiraCour03029432M.jpg","","","","","","","",62,,642,"",,,0,,"","Pulseira, bijuterias, atacado de bijuterias, atacado de bijouterias, biju, biju, finas, bijuterias",0,0,,True,False,0,0,0,"","","","","","",""
"A","Pulseiras Diversos",5367736,"0003029433","Pulseira",14,"","Cor: Preto
Material: Metal e Courino
Medidas do Produto(cm)
Largura 3,6
Altura 21.5
Profundidade 0.3
Peso: 14g

Pulseira, bijuterias, atacado de bijuterias, atacado de bijouterias, biju, biju, finas, bijuterias","",False,0,0,False,1417,0,7.5,0,0,0,,,False,False,"PulseiraCour03029433.jpg","PulseiraCour03029433.jpg","PulseiraCour03029433M.jpg","","","","","","","",62,,642,"",,,0,,"","Pulseira, bijuterias, atacado de bijuterias, atacado de bijouterias, biju, biju, finas, bijuterias",0,0,,True,False,0,0,0,"","","","","","",""
"A","Pulseiras Diversos",5367987,"0003029438","Pulseira",14,"","Cor: Dourado e Marrom
Material: Metal, Strass,Tassel e Courino
Pingente Sortido
Medidas do Produto(cm)
Largura 6
Altura 10
Profundidade 1.5
Peso: 14g

Pulseira, bijuterias, atacado de bijuterias, atacado de bijouterias, biju, biju, finas, bijuterias","",False,0,0,False,1413,0,9.6,0,0,0,,,False,False,"PulseiraCour03029438.jpg","PulseiraCour03029438.jpg","PulseiraCour03029438M.jpg","","","","","","","",61,,642,"",,,0,,"","Pulseira, bijuterias, atacado de bijuterias, atacado de bijouterias, biju, biju, finas, bijuterias",0,0,,True,False,0,0,0,"","","","","","",""
"A","Pulseiras Diversos",5368023,"0003029437","Pulseira",14,"","Cor: Prata e Preto
Material: Metal, Strass,Tassel e Courino
Pingente Sortido
Medidas do Produto(cm)
Largura 6
Altura 10
Profundidade 1.5
Peso: 14g

Pulseira, bijuterias, atacado de bijuterias, atacado de bijouterias, biju, biju, finas, bijuterias","",False,7,0,True,1416,0,9.6,0,0,0,,,False,False,"PulseiraCour03029437.jpg","PulseiraCour03029437.jpg","PulseiraCour03029437M.jpg","","","","","","","",61,,642,"",,,0,,"","Pulseira, bijuterias, atacado de bijuterias, atacado de bijouterias, biju, biju, finas, bijuterias",0,0,,True,False,0,0,0,"","","","","","",""
"A","Pulseiras Diversos",5368026,"0003029436","Pulseira",14,"","Cor: Prata e Preto
Material: Metal, Strass,Tassel e Courino
Pingente Sortido
Medidas do Produto(cm)
Largura 6
Altura 10
Profundidade 1.5
Peso: 14g

Pulseira, bijuterias, atacado de bijuterias, atacado de bijouterias, biju, biju, finas, bijuterias","",False,10,0,True,1416,0,9.6,0,0,0,,,False,False,"PulseiraCour03029436.jpg","PulseiraCour03029436.jpg","PulseiraCour03029436M.jpg","","","","","","","",61,,642,"",,,0,,"","Pulseira, bijuterias, atacado de bijuterias, atacado de bijouterias, biju, biju, finas, bijuterias",0,0,,True,False,0,0,0,"","","","","","",""
"A","Pulseiras Diversos",5368032,"0003029434","Pulseira",14,"","Cor: Prata 
Material: Metal, Strass,Tassel e Courino
Pingente Sortido
Medidas do Produto(cm)
Largura 6
Altura 10
Profundidade 1.5
Peso: 14g

Pulseira, bijuterias, atacado de bijuterias, atacado de bijouterias, biju, biju, finas, bijuterias","",False,8,0,True,1416,0,9.6,0,0,0,,,False,False,"PulseiraCour03029434.jpg","PulseiraCour03029434.jpg","PulseiraCour03029434M.jpg","","","","","","","",61,,642,"",,,0,,"","Pulseira, bijuterias, atacado de bijuterias, atacado de bijouterias, biju, biju, finas, bijuterias",0,0,,True,False,0,0,0,"","","","","","",""
"A","Pulseiras Diversos",5368038,"0003029435","Pulseira",14,"","Cor: Prata 
Material: Metal, Strass,Tassel e Courino
Pingente Sortido
Medidas do Produto(cm)
Largura 6
Altura 10
Profundidade 1.5
Peso: 14g

Pulseira, bijuterias, atacado de bijuterias, atacado de bijouterias, biju, biju, finas, bijuterias","",False,10,0,True,1416,0,9.6,0,0,0,,,False,False,"PulseiraCour03029435.jpg","PulseiraCour03029435.jpg","PulseiraCour03029435M.jpg","","","","","","","",61,,642,"",,,0,,"","Pulseira, bijuterias, atacado de bijuterias, atacado de bijouterias, biju, biju, finas, bijuterias",0,0,,True,False,0,0,0,"","","","","","",""
"A","Pulseiras Diversos",5368050,"0003029428","Pulseira",24,"","Cor: Bege
Material: Metal, Strass e Courino
Medidas do Produto(cm)
Largura 6
Altura 10.5
Profundidade 1.5
Peso: 24g

Pulseira, bijuterias, atacado de bijuterias, atacado de bijouterias, biju, biju, finas, bijuterias","",False,0,0,False,2403,0,7.5,0,0,0,,,False,False,"PulseiraCour03029428.jpg","PulseiraCour03029428.jpg","PulseiraCour03029428M.jpg","","","","","","","",61,,642,"",,,0,,"","Pulseira, bijuterias, atacado de bijuterias, atacado de bijouterias, biju, biju, finas, bijuterias",0,0,,True,False,0,0,0,"","","","","","",""
"A","Pulseiras Diversos",5368053,"0003029429","Pulseira",24,"","Cor: Marrom
Material: Metal, Strass e Courino
Medidas do Produto(cm)
Largura 6
Altura 10.5
Profundidade 1.5
Peso: 24g

Pulseira, bijuterias, atacado de bijuterias, atacado de bijouterias, biju, biju, finas, bijuterias","",False,0,0,False,2413,0,7.5,0,0,0,,,False,False,"PulseiraCour03029429.jpg","PulseiraCour03029429.jpg","PulseiraCour03029429M.jpg","","","","","","","",61,,642,"",,,0,,"","Pulseira, bijuterias, atacado de bijuterias, atacado de bijouterias, biju, biju, finas, bijuterias",0,0,,True,False,0,0,0,"","","","","","",""
"A","Pulseiras Diversos",5368056,"0003029430","Pulseira",24,"","Cor: Preto
Material: Metal, Strass e Courino
Medidas do Produto(cm)
Largura 6
Altura 10.5
Profundidade 1.5
Peso: 24g

Pulseira, bijuterias, atacado de bijuterias, atacado de bijouterias, biju, biju, finas, bijuterias","",False,0,0,False,2417,0,7.5,0,0,0,,,False,False,"PulseiraCour03029430.jpg","PulseiraCour03029430.jpg","PulseiraCour03029430M.jpg","","","","","","","",61,,642,"",,,0,,"","Pulseira, bijuterias, atacado de bijuterias, atacado de bijouterias, biju, biju, finas, bijuterias",0,0,,True,False,0,0,0,"","","","","","",""
"A","Pulseiras Diversos",5368777,"0003029442","Pulseira",18,"","Cor: Marrom Escuro
Material: Metal e Courino
Medidas do Produto(cm)
Largura 3.7
Altura 18
Profundidade 2
Peso: 18g

Pulseira, bijuterias, atacado de bijuterias, atacado de bijouterias, biju, biju, finas, bijuterias","",False,2,0,True,1813,0,9.6,0,0,0,,,False,False,"PulseiraCour03029442.jpg","PulseiraCour03029442.jpg","PulseiraCour03029442M.jpg","","","","","","","",62,,642,"",,,0,,"","Pulseira, bijuterias, atacado de bijuterias, atacado de bijouterias, biju, biju, finas, bijuterias",0,0,,True,False,0,0,0,"","","","","","",""
"A","Pulseiras Diversos",5368779,"0003029440","Pulseira",18,"","Cor: Marrom
Pingentes Sortidos
Material: Metal e Courino
Medidas do Produto(cm)
Largura 3.7
Altura 18
Profundidade 2
Peso: 14g

Pulseira, bijuterias, atacado de bijuterias, atacado de bijouterias, biju, biju, finas, bijuterias","",False,0,0,False,1813,0,9.6,0,0,0,,,False,False,"PulseiraCour03029440.jpg","PulseiraCour03029440.jpg","PulseiraCour03029440M.jpg","","","","","","","",62,,642,"",,,0,,"","Pulseira, bijuterias, atacado de bijuterias, atacado de bijouterias, biju, biju, finas, bijuterias",0,0,,True,False,0,0,0,"","","","","","",""
"A","Pulseiras Diversos",5368782,"0003029441","Pulseira",18,"","Cor: Marrom
Material: Metal e Courino
Medidas do Produto(cm)
Largura 3.7
Altura 18
Profundidade 2
Peso: 18g

Pulseira, bijuterias, atacado de bijuterias, atacado de bijouterias, biju, biju, finas, bijuterias","",False,0,0,False,1813,0,9.6,0,0,0,,,False,False,"PulseiraCour03029441.jpg","PulseiraCour03029441.jpg","PulseiraCour03029441M.jpg","","","","","","","",62,,642,"",,,0,,"","Pulseira, bijuterias, atacado de bijuterias, atacado de bijouterias, biju, biju, finas, bijuterias",0,0,,True,False,0,0,0,"","","","","","",""
"A","Pulseiras Diversos",5368784,"0003029443","Pulseira",18,"","Cor: Preto
Pingentes Sortidos
Material: Metal e Courino
Medidas do Produto(cm)
Largura 3.7
Altura 18
Profundidade 2
Peso: 18g

Pulseira, bijuterias, atacado de bijuterias, atacado de bijouterias, biju, biju, finas, bijuterias","",False,8,0,True,1817,0,9.6,0,0,0,,,False,False,"PulseiraCour03029443.jpg","PulseiraCour03029443.jpg","PulseiraCour03029443M.jpg","","","","","","","",62,,642,"",,,0,,"","Pulseira, bijuterias, atacado de bijuterias, atacado de bijouterias, biju, biju, finas, bijuterias",0,0,,True,False,0,0,0,"","","","","","",""
"A","Pulseiras Diversos",5371853,"0003029504","Pulseira",14,"","Cor: Bege e Dourado
Material: Metal e Courino
Medidas do Produto(cm)
Largura 1.5
Altura 40.5
Profundidade 0.7
Peso: 14g

Pulseira, bijuterias, atacado de bijuterias, atacado de bijouterias, biju, biju, finas, bijuterias","",False,0,0,False,1407,0,4.9,0,0,0,,,False,True,"PulseiraCour03029504.jpg","PulseiraCour03029504.jpg","PulseiraCour03029504M.jpg","","","","","","","",62,,642,"",,,0,,"","Pulseira, bijuterias, atacado de bijuterias, atacado de bijouterias, biju, biju, finas, bijuterias",0,0,,True,False,0,0,0,"","","","","","",""
"A","Pulseiras Diversos",5371855,"0003029505","Pulseira",14,"","Cor: Vermelho e Dourado
Material: Metal e Courino
Medidas do Produto(cm)
Largura 1.5
Altura 40.5
Profundidade 0.7
Peso: 14g

Pulseira, bijuterias, atacado de bijuterias, atacado de bijouterias, biju, biju, finas, bijuterias","",False,0,0,False,1407,0,4.9,0,0,0,,,False,False,"PulseiraCour03029505.jpg","PulseiraCour03029505.jpg","PulseiraCour03029505M.jpg","","","","","","","",62,,642,"",,,0,,"","Pulseira, bijuterias, atacado de bijuterias, atacado de bijouterias, biju, biju, finas, bijuterias",0,0,,True,False,0,0,0,"","","","","","",""
"A","Pulseiras Diversos",5371857,"0003029506","Pulseira",14,"","Cor: Azul e Dourado
Material: Metal e Courino
Medidas do Produto(cm)
Largura 1.5
Altura 40.5
Profundidade 0.7
Peso: 14g

Pulseira, bijuterias, atacado de bijuterias, atacado de bijouterias, biju, biju, finas, bijuterias","",False,6,0,True,1407,0,4.9,0,0,0,,,False,False,"PulseiraCour03029506.jpg","PulseiraCour03029506.jpg","PulseiraCour03029506M.jpg","","","","","","","",62,,642,"",,,0,,"","Pulseira, bijuterias, atacado de bijuterias, atacado de bijouterias, biju, biju, finas, bijuterias",0,0,,True,False,0,0,0,"","","","","","",""
"A","Pulseiras Diversos",5371858,"0003029507","Pulseira",14,"","Cor: Preto e Dourado
Material: Metal e Courino
Medidas do Produto(cm)
Largura 1.5
Altura 40.5
Profundidade 0.7
Peso: 14g

Pulseira, bijuterias, atacado de bijuterias, atacado de bijouterias, biju, biju, finas, bijuterias","",False,20,0,True,1407,0,4.9,0,0,0,,,False,False,"PulseiraCour03029507.jpg","PulseiraCour03029507.jpg","PulseiraCour03029507M.jpg","","","","","","","",62,,642,"",,,0,,"","Pulseira, bijuterias, atacado de bijuterias, atacado de bijouterias, biju, biju, finas, bijuterias",0,0,,True,False,0,0,0,"","","","","","",""
"A","Pulseiras Diversos",5371860,"0003029503","Pulseira",14,"","Cor: Preto e Dourado
Material: Metal e Courino
Medidas do Produto(cm)
Largura 4.2
Altura 17.5
Profundidade 4.2
Peso: 14g

Pulseira, bijuterias, atacado de bijuterias, atacado de bijouterias, biju, biju, finas, bijuterias","",False,49,0,True,1407,0,4.9,0,0,0,,,False,False,"PulseiraCour03029503.jpg","PulseiraCour03029503.jpg","PulseiraCour03029503M.jpg","","","","","","","",62,,642,"",,,0,,"","Pulseira, bijuterias, atacado de bijuterias, atacado de bijouterias, biju, biju, finas, bijuterias",0,0,,True,False,0,0,0,"","","","","","",""
"A","Pulseiras Diversos",5371861,"0003029502","Pulseira",14,"","Cor: Azul e Dourado
Material: Metal e Courino
Medidas do Produto(cm)
Largura 4.2
Altura 17.5
Profundidade 4.2
Peso: 14g

Pulseira, bijuterias, atacado de bijuterias, atacado de bijouterias, biju, biju, finas, bijuterias","",False,3,0,True,1407,0,4.9,0,0,0,,,False,False,"PulseiraCour03029502.jpg","PulseiraCour03029502.jpg","PulseiraCour03029502M.jpg","","","","","","","",62,,642,"",,,0,,"","Pulseira, bijuterias, atacado de bijuterias, atacado de bijouterias, biju, biju, finas, bijuterias",0,0,,True,False,0,0,0,"","","","","","",""
"A","Pulseiras Diversos",5371863,"0003029500","Pulseira",14,"","Cor: Bege e Dourado
Material: Metal e Courino
Medidas do Produto(cm)
Largura 4.2
Altura 17.5
Profundidade 4.2
Peso: 14g

Pulseira, bijuterias, atacado de bijuterias, atacado de bijouterias, biju, biju, finas, bijuterias","",False,5,0,True,1407,0,4.9,0,0,0,,,False,False,"PulseiraCour03029500.jpg","PulseiraCour03029500.jpg","PulseiraCour03029500M.jpg","","","","","","","",62,,642,"",,,0,,"","Pulseira, bijuterias, atacado de bijuterias, atacado de bijouterias, biju, biju, finas, bijuterias",0,0,,True,False,0,0,0,"","","","","","",""
"A","Pulseiras Diversos",5371864,"0003029501","Pulseira",14,"","Cor: Vermelho e Incolor
Material: Metal e Courino
Medidas do Produto(cm)
Largura 4.2
Altura 17.5
Profundidade 4.2
Peso: 14g

Pulseira, bijuterias, atacado de bijuterias, atacado de bijouterias, biju, biju, finas, bijuterias","",False,1,0,True,1407,0,4.9,0,0,0,,,False,False,"PulseiraCour03029501.jpg","PulseiraCour03029501.jpg","PulseiraCour03029501M.jpg","","","","","","","",62,,642,"",,,0,,"","Pulseira, bijuterias, atacado de bijuterias, atacado de bijouterias, biju, biju, finas, bijuterias",0,0,,True,False,0,0,0,"","","","","","",""
"A","Pulseiras Diversos",5371886,"0003029497","Pulseira",10,"","Cor: Azul
Material: Metal e Courino
Medidas do Produto(cm)
Largura 2.7
Altura 19.4
Profundidade 0.8
Peso: 10g

Pulseira, bijuterias, atacado de bijuterias, atacado de bijouterias, biju, biju, finas, bijuterias","",False,0,0,False,1002,0,4.9,0,0,0,,,False,False,"PulseiraCour03029497.jpg","PulseiraCour03029497.jpg","PulseiraCour03029497M.jpg","","","","","","","",63,,642,"",,,0,,"","Pulseira, bijuterias, atacado de bijuterias, atacado de bijouterias, biju, biju, finas, bijuterias",0,0,,True,False,0,0,0,"","","","","","",""
"A","Pulseiras Diversos",5371887,"0003029493","Pulseira",10,"","Cor: Vermelho
Material: Metal e Courino
Medidas do Produto(cm)
Largura 2.7
Altura 19.4
Profundidade 0.8
Peso: 10g

Pulseira, bijuterias, atacado de bijuterias, atacado de bijouterias, biju, biju, finas, bijuterias","",False,0,0,False,1023,0,4.9,0,0,0,,,False,False,"PulseiraCour03029493.jpg","PulseiraCour03029493.jpg","PulseiraCour03029493M.jpg","","","","","","","",63,,642,"",,,0,,"","Pulseira, bijuterias, atacado de bijuterias, atacado de bijouterias, biju, biju, finas, bijuterias",0,0,,True,False,0,0,0,"","","","","","",""
"A","Pulseiras Diversos",5371888,"0003029498","Pulseira",10,"","Cor: Marrom
Material: Metal e Courino
Medidas do Produto(cm)
Largura 2.7
Altura 19.4
Profundidade 0.8
Peso: 10g

Pulseira, bijuterias, atacado de bijuterias, atacado de bijouterias, biju, biju, finas, bijuterias","",False,0,0,False,1013,0,4.9,0,0,0,,,False,False,"PulseiraCour03029498.jpg","PulseiraCour03029498.jpg","PulseiraCour03029498M.jpg","","","","","","","",63,,642,"",,,0,,"","Pulseira, bijuterias, atacado de bijuterias, atacado de bijouterias, biju, biju, finas, bijuterias",0,0,,True,False,0,0,0,"","","","","","",""
"A","Pulseiras Diversos",5371889,"0003029494","Pulseira",10,"","Cor: Marrom
Material: Metal e Courino
Medidas do Produto(cm)
Largura 2.7
Altura 19.4
Profundidade 0.8
Peso: 10g

Pulseira, bijuterias, atacado de bijuterias, atacado de bijouterias, biju, biju, finas, bijuterias","",False,0,0,False,1013,0,4.9,0,0,0,,,False,False,"PulseiraCour03029494.jpg","PulseiraCour03029494.jpg","PulseiraCour03029494M.jpg","","","","","","","",63,,642,"",,,0,,"","Pulseira, bijuterias, atacado de bijuterias, atacado de bijouterias, biju, biju, finas, bijuterias",0,0,,True,False,0,0,0,"","","","","","",""
"A","Pulseiras Diversos",5371890,"0003029496","Pulseira",10,"","Cor: Bege
Material: Metal e Courino
Medidas do Produto(cm)
Largura 2.7
Altura 19.4
Profundidade 0.8
Peso: 10g

Pulseira, bijuterias, atacado de bijuterias, atacado de bijouterias, biju, biju, finas, bijuterias","",False,0,0,False,1003,0,4.9,0,0,0,,,False,False,"PulseiraCour03029496.jpg","PulseiraCour03029496.jpg","PulseiraCour03029496M.jpg","","","","","","","",63,,642,"",,,0,,"","Pulseira, bijuterias, atacado de bijuterias, atacado de bijouterias, biju, biju, finas, bijuterias",0,0,,True,False,0,0,0,"","","","","","",""
"A","Pulseiras Diversos",5371891,"0003029492","Pulseira",10,"","Cor: Bege
Material: Metal e Courino
Medidas do Produto(cm)
Largura 2.7
Altura 19.4
Profundidade 0.8
Peso: 10g

Pulseira, bijuterias, atacado de bijuterias, atacado de bijouterias, biju, biju, finas, bijuterias","",False,0,0,False,1003,0,4.9,0,0,0,,,False,False,"PulseiraCour03029492.jpg","PulseiraCour03029492.jpg","PulseiraCour03029492M.jpg","","","","","","","",63,,642,"",,,0,,"","Pulseira, bijuterias, atacado de bijuterias, atacado de bijouterias, biju, biju, finas, bijuterias",0,0,,True,False,0,0,0,"","","","","","",""
"A","Pulseiras Diversos",5371892,"0003029499","Pulseira",10,"","Cor: Preto
Material: Metal e Courino
Medidas do Produto(cm)
Largura 2.7
Altura 19.4
Profundidade 0.8
Peso: 10g

Pulseira, bijuterias, atacado de bijuterias, atacado de bijouterias, biju, biju, finas, bijuterias","",False,0,0,False,1017,0,4.9,0,0,0,,,False,False,"PulseiraCour03029499.jpg","PulseiraCour03029499.jpg","PulseiraCour03029499M.jpg","","","","","","","",63,,642,"",,,0,,"","Pulseira, bijuterias, atacado de bijuterias, atacado de bijouterias, biju, biju, finas, bijuterias",0,0,,True,False,0,0,0,"","","","","","",""
"A","Pulseiras Diversos",5371893,"0003029495","Pulseira",10,"","Cor: Preto
Material: Metal e Courino
Medidas do Produto(cm)
Largura 2.7
Altura 19.4
Profundidade 0.8
Peso: 10g

Pulseira, bijuterias, atacado de bijuterias, atacado de bijouterias, biju, biju, finas, bijuterias","",False,0,0,False,1017,0,4.9,0,0,0,,,False,False,"PulseiraCour03029495.jpg","PulseiraCour03029495.jpg","PulseiraCour03029495M.jpg","","","","","","","",63,,642,"",,,0,,"","Pulseira, bijuterias, atacado de bijuterias, atacado de bijouterias, biju, biju, finas, bijuterias",0,0,,True,False,0,0,0,"","","","","","",""
"A","Pulseiras Diversos",5372025,"0003029486","Pulseira",12,"","Cor: Vermelho
Material: Metal e Courino
Medidas do Produto(cm)
Largura 2.7
Altura 19.4
Profundidade 0.8
Peso: 12g

Pulseira, bijuterias, atacado de bijuterias, atacado de bijouterias, biju, biju, finas, bijuterias","",False,0,0,False,1223,0,4.9,0,0,0,,,False,False,"PulseiraCour03029486.jpg","PulseiraCour03029486.jpg","PulseiraCour03029486M.jpg","","","","","","","",63,,642,"",,,0,,"","Pulseira, bijuterias, atacado de bijuterias, atacado de bijouterias, biju, biju, finas, bijuterias",0,0,,True,False,0,0,0,"","","","","","",""
"A","Pulseiras Diversos",5372029,"0003029487","Pulseira",12,"","Cor: Marrom
Material: Metal e Courino
Medidas do Produto(cm)
Largura 2.7
Altura 19.4
Profundidade 0.8
Peso: 12g

Pulseira, bijuterias, atacado de bijuterias, atacado de bijouterias, biju, biju, finas, bijuterias","",False,0,0,False,1213,0,4.9,0,0,0,,,False,False,"PulseiraCour03029487.jpg","PulseiraCour03029487.jpg","PulseiraCour03029487M.jpg","","","","","","","",63,,642,"",,,0,,"","Pulseira, bijuterias, atacado de bijuterias, atacado de bijouterias, biju, biju, finas, bijuterias",0,0,,True,False,0,0,0,"","","","","","",""
"A","Pulseiras Diversos",5372031,"0003029491","Pulseira",12,"","Cor: Marrom
Material: Metal e Courino
Medidas do Produto(cm)
Largura 2.7
Altura 19.4
Profundidade 0.8
Peso: 12g

Pulseira, bijuterias, atacado de bijuterias, atacado de bijouterias, biju, biju, finas, bijuterias","",False,0,0,False,1213,0,4.9,0,0,0,,,False,False,"PulseiraCour03029491.jpg","PulseiraCour03029491.jpg","PulseiraCour03029491M.jpg","","","","","","","",63,,642,"",,,0,,"","Pulseira, bijuterias, atacado de bijuterias, atacado de bijouterias, biju, biju, finas, bijuterias",0,0,,True,False,0,0,0,"","","","","","",""
"A","Pulseiras Diversos",5372036,"0003029484","Pulseira",12,"","Cor: Preto
Material: Metal e Courino
Medidas do Produto(cm)
Largura 2.7
Altura 19.4
Profundidade 0.8
Peso: 12g

Pulseira, bijuterias, atacado de bijuterias, atacado de bijouterias, biju, biju, finas, bijuterias","",False,0,0,False,1217,0,4.9,0,0,0,,,False,False,"PulseiraCour03029484.jpg","PulseiraCour03029484.jpg","PulseiraCour03029484M.jpg","","","","","","","",63,,642,"",,,0,,"","Pulseira, bijuterias, atacado de bijuterias, atacado de bijouterias, biju, biju, finas, bijuterias",0,0,,True,False,0,0,0,"","","","","","",""
"A","Pulseiras Diversos",5372039,"0003029488","Pulseira",12,"","Cor: Preto
Material: Metal e Courino
Medidas do Produto(cm)
Largura 2.7
Altura 19.4
Profundidade 0.8
Peso: 12g

Pulseira, bijuterias, atacado de bijuterias, atacado de bijouterias, biju, biju, finas, bijuterias","",False,0,0,False,1217,0,4.9,0,0,0,,,False,False,"PulseiraCour03029488.jpg","PulseiraCour03029488.jpg","PulseiraCour03029488M.jpg","","","","","","","",63,,642,"",,,0,,"","Pulseira, bijuterias, atacado de bijuterias, atacado de bijouterias, biju, biju, finas, bijuterias",0,0,,True,False,0,0,0,"","","","","","",""
"A","Pulseiras Diversos",5372042,"0003029485","Pulseira",12,"","Cor: Bege
Material: Metal e Courino
Medidas do Produto(cm)
Largura 2.7
Altura 19.4
Profundidade 0.8
Peso: 12g

Pulseira, bijuterias, atacado de bijuterias, atacado de bijouterias, biju, biju, finas, bijuterias","",False,0,0,False,1203,0,4.9,0,0,0,,,False,False,"PulseiraCour03029485.jpg","PulseiraCour03029485.jpg","PulseiraCour03029485M.jpg","","","","","","","",63,,642,"",,,0,,"","Pulseira, bijuterias, atacado de bijuterias, atacado de bijouterias, biju, biju, finas, bijuterias",0,0,,True,False,0,0,0,"","","","","","",""
"A","Pulseiras Diversos",5372046,"0003029490","Pulseira",12,"","Cor: Azul
Material: Metal e Courino
Medidas do Produto(cm)
Largura 2.7
Altura 19.4
Profundidade 0.8
Peso: 12g

Pulseira, bijuterias, atacado de bijuterias, atacado de bijouterias, biju, biju, finas, bijuterias","",False,0,0,False,1202,0,4.9,0,0,0,,,False,False,"PulseiraCour03029490.jpg","PulseiraCour03029490.jpg","PulseiraCour03029490M.jpg","","","","","","","",63,,642,"",,,0,,"","Pulseira, bijuterias, atacado de bijuterias, atacado de bijouterias, biju, biju, finas, bijuterias",0,0,,True,False,0,0,0,"","","","","","",""
